EmployeeID,Age,ExperienceYears,Department,JobRole,EducationLevel,Gender,EmploymentType,WorkingHours,OvertimeHours,PerformanceScore,MonthlySalary,SalaryLevel
EMP0001,59,37,Finance,Financial Analyst,Diploma,Male,Full-Time,41.4,5.2,80.4,151247,Very High
EMP0002,49,22,Sales,Sales Manager,Diploma,Female,Full-Time,51.3,7.9,95.1,120029,Very High
EMP0003,35,17,Marketing,SEO Specialist,Master,Male,Full-Time,44.9,3.2,64.1,109758,Very High
EMP0004,28,5,Finance,Accountant,Master,Male,Full-Time,45.3,6.0,93.1,100432,Very High
EMP0005,41,18,HR,HR Executive,High School,Female,Full-Time,45.4,7.2,87.1,94030,High
EMP0006,59,38,IT,System Administrator,Bachelor,Female,Full-Time,38.7,7.5,69.3,151037,Very High
EMP0007,39,14,IT,System Administrator,Bachelor,Female,Part-Time,39.2,0.3,67.4,106995,Very High
EMP0008,43,22,Sales,Sales Manager,Bachelor,Male,Full-Time,46.6,11.8,69.4,119642,Very High
EMP0009,31,6,IT,Data Analyst,Bachelor,Female,Full-Time,42.8,3.7,50.9,92275,High
EMP0010,31,6,Sales,Business Development,High School,Female,Contract,34.9,1.8,76.4,64382,Medium
EMP0011,44,22,Marketing,Marketing Manager,Bachelor,Female,Full-Time,53.2,1.7,66.7,105984,Very High
EMP0012,56,35,IT,Data Analyst,Master,Female,Contract,47.9,4.0,83.7,157451,Very High
EMP0013,60,41,Sales,Sales Manager,Bachelor,Female,Full-Time,42.2,13.1,64.8,154925,Very High
EMP0014,44,24,Finance,Finance Manager,Bachelor,Male,Full-Time,40.4,2.9,88.6,132065,Very High
EMP0015,23,3,Operations,Operations Executive,Diploma,Male,Full-Time,43.2,8.3,80.4,69683,Medium
EMP0016,42,21,HR,Recruiter,PhD,Female,Full-Time,45.1,0.6,68.7,130833,Very High
EMP0017,22,1,Marketing,Marketing Manager,Master,Male,Full-Time,29.8,3.9,76.0,84414,High
EMP0018,44,17,Sales,Business Development,Master,Female,Full-Time,54.7,28.7,72.9,121143,Very High
EMP0019,50,28,IT,System Administrator,Master,Male,Full-Time,37.3,8.8,95.5,162941,Very High
EMP0020,58,37,Sales,Business Development,Master,Female,Full-Time,42.0,1.4,68.7,172738,Very High
EMP0021,22,0,Operations,Operations Executive,Bachelor,Female,Full-Time,42.2,4.2,69.5,63778,Medium
EMP0022,41,16,Sales,Business Development,Bachelor,Male,Full-Time,54.0,1.6,68.1,112543,Very High
EMP0023,53,30,Marketing,SEO Specialist,Bachelor,Male,Full-Time,41.5,3.2,79.6,137322,Very High
EMP0024,32,9,Operations,Operations Executive,Master,Male,Full-Time,51.5,9.1,79.3,90864,High
EMP0025,42,17,IT,System Administrator,Master,Female,Contract,44.4,8.9,67.1,131368,Very High
EMP0026,45,21,IT,Software Engineer,Bachelor,Female,Full-Time,36.2,1.6,72.6,138518,Very High
EMP0027,47,20,Sales,Sales Manager,High School,Male,Contract,42.8,15.3,86.3,108539,Very High
EMP0028,48,21,HR,HR Manager,Bachelor,Female,Full-Time,41.3,5.4,92.7,120273,Very High
EMP0029,36,11,Operations,Operations Manager,Master,Male,Full-Time,35.5,2.9,80.2,104370,Very High
EMP0030,35,16,Operations,Supply Coordinator,Bachelor,Male,Full-Time,44.1,4.2,73.7,99747,High
EMP0031,23,0,Finance,Finance Manager,Bachelor,Female,Full-Time,42.1,5.6,68.4,80415,High
EMP0032,57,39,IT,System Administrator,Bachelor,Male,Full-Time,45.3,4.9,87.6,167339,Very High
EMP0033,27,2,Marketing,Marketing Manager,Bachelor,Male,Full-Time,43.2,4.0,74.6,85228,High
EMP0034,41,20,Finance,Finance Manager,Master,Male,Full-Time,38.1,4.2,56.6,124054,Very High
EMP0035,29,8,Operations,Operations Executive,Bachelor,Male,Full-Time,46.6,1.2,80.7,84959,High
EMP0036,59,37,HR,HR Manager,Master,Male,Full-Time,38.3,10.1,69.4,154481,Very High
EMP0037,38,13,Sales,Business Development,Bachelor,Male,Full-Time,23.4,4.7,57.5,88519,High
EMP0038,24,2,IT,Software Engineer,Bachelor,Female,Full-Time,42.8,0.8,52.4,77339,High
EMP0039,45,20,Sales,Sales Executive,Bachelor,Male,Part-Time,38.7,8.7,73.1,92524,High
EMP0040,34,7,HR,HR Executive,Master,Female,Full-Time,44.3,16.2,59.1,83357,High
EMP0041,29,11,Sales,Sales Executive,Bachelor,Male,Full-Time,54.0,17.7,44.2,93941,High
EMP0042,46,19,IT,Software Engineer,Bachelor,Male,Full-Time,54.2,2.8,72.0,111318,Very High
EMP0043,22,0,Marketing,Marketing Executive,Bachelor,Female,Full-Time,41.0,0.9,66.0,72139,High
EMP0044,40,17,Operations,Supply Coordinator,Master,Female,Full-Time,37.0,4.4,73.8,102789,Very High
EMP0045,48,28,IT,System Administrator,High School,Male,Full-Time,45.5,0.7,71.3,137706,Very High
EMP0046,27,2,IT,Data Analyst,Master,Female,Full-Time,39.8,16.3,92.0,90708,High
EMP0047,28,2,IT,System Administrator,Bachelor,Female,Full-Time,44.4,1.2,78.5,76740,High
EMP0048,55,32,Sales,Business Development,Bachelor,Female,Contract,38.0,1.7,73.7,140957,Very High
EMP0049,34,10,Sales,Sales Executive,High School,Male,Contract,43.5,3.1,73.3,79548,High
EMP0050,37,19,Sales,Sales Executive,Bachelor,Male,Full-Time,37.1,2.9,93.3,125720,Very High
EMP0051,56,34,IT,System Administrator,Bachelor,Male,Full-Time,49.1,9.5,90.6,148562,Very High
EMP0052,60,38,Finance,Accountant,High School,Female,Full-Time,38.5,3.7,64.2,142062,Very High
EMP0053,24,0,Sales,Sales Executive,Bachelor,Male,Full-Time,46.0,1.1,60.1,61715,Medium
EMP0054,22,1,HR,HR Manager,Master,Female,Full-Time,34.4,1.9,62.6,69339,Medium
EMP0055,26,3,Operations,Supply Coordinator,Diploma,Male,Full-Time,46.7,4.3,66.8,70151,High
EMP0056,24,0,IT,Data Analyst,Master,Male,Contract,36.2,1.0,64.7,87246,High
EMP0057,49,23,Sales,Sales Manager,Bachelor,Female,Full-Time,43.6,5.7,77.3,120297,Very High
EMP0058,38,20,HR,HR Executive,Bachelor,Male,Full-Time,48.1,5.0,85.1,125444,Very High
EMP0059,46,23,HR,Recruiter,Bachelor,Male,Full-Time,40.8,7.5,87.5,116725,Very High
EMP0060,54,30,Marketing,Marketing Manager,Diploma,Female,Full-Time,35.8,16.7,73.1,139074,Very High
EMP0061,30,10,Sales,Business Development,Diploma,Female,Full-Time,45.0,14.6,52.7,83381,High
EMP0062,56,31,Operations,Operations Manager,High School,Female,Contract,37.0,17.5,64.6,109245,Very High
EMP0063,34,12,IT,Data Analyst,Diploma,Female,Full-Time,39.6,1.7,68.5,109246,Very High
EMP0064,51,25,IT,Data Analyst,Bachelor,Female,Full-Time,43.6,0.8,63.2,125009,Very High
EMP0065,35,13,Marketing,SEO Specialist,Master,Female,Full-Time,50.2,2.2,88.6,123046,Very High
EMP0066,28,2,Sales,Sales Executive,Master,Male,Full-Time,42.2,13.5,56.3,82125,High
EMP0067,34,7,Finance,Accountant,Master,Male,Full-Time,42.1,21.5,77.9,105286,Very High
EMP0068,43,22,IT,Software Engineer,Diploma,Male,Full-Time,46.4,11.8,55.5,119133,Very High
EMP0069,60,34,IT,System Administrator,Bachelor,Male,Full-Time,42.3,0.7,88.3,162626,Very High
EMP0070,41,19,Operations,Operations Manager,Bachelor,Female,Part-Time,45.8,17.7,72.4,93745,High
EMP0071,36,9,IT,Software Engineer,Bachelor,Female,Full-Time,48.5,3.3,91.9,106687,Very High
EMP0072,38,12,Finance,Accountant,Bachelor,Female,Full-Time,40.0,0.1,61.4,99086,High
EMP0073,44,24,IT,System Administrator,Bachelor,Male,Full-Time,22.3,3.5,70.7,130040,Very High
EMP0074,46,25,Finance,Finance Manager,Bachelor,Female,Full-Time,37.1,0.3,73.8,127407,Very High
EMP0075,45,19,IT,System Administrator,Bachelor,Male,Full-Time,49.3,4.7,74.2,120251,Very High
EMP0076,49,22,Sales,Sales Manager,Master,Female,Full-Time,41.8,2.5,73.0,144723,Very High
EMP0077,35,12,IT,Data Analyst,Master,Female,Full-Time,40.0,3.8,70.5,112010,Very High
EMP0078,21,2,Marketing,Marketing Executive,Bachelor,Male,Full-Time,49.0,5.7,67.5,79471,High
EMP0079,45,21,IT,System Administrator,Master,Male,Full-Time,41.4,12.2,50.6,122573,Very High
EMP0080,27,8,Sales,Sales Manager,PhD,Male,Part-Time,29.4,6.5,84.9,98146,High
EMP0081,29,10,Operations,Supply Coordinator,Bachelor,Female,Full-Time,33.0,3.4,100.0,121935,Very High
EMP0082,44,26,Sales,Business Development,Bachelor,Female,Full-Time,44.5,10.3,80.5,134155,Very High
EMP0083,21,1,Sales,Sales Executive,Bachelor,Female,Full-Time,41.6,14.2,56.5,70948,High
EMP0084,28,5,Finance,Financial Analyst,Master,Male,Part-Time,50.7,0.8,60.7,83412,High
EMP0085,44,19,Finance,Financial Analyst,Master,Male,Full-Time,37.6,4.6,83.4,140841,Very High
EMP0086,31,5,Sales,Sales Executive,Diploma,Female,Full-Time,40.1,2.0,77.6,80015,High
EMP0087,37,13,Operations,Supply Coordinator,Bachelor,Female,Full-Time,36.7,0.3,71.8,101444,Very High
EMP0088,28,7,Sales,Sales Executive,Bachelor,Male,Full-Time,38.9,6.6,81.8,81620,High
EMP0089,55,32,Sales,Sales Executive,Bachelor,Male,Full-Time,30.6,11.9,53.4,140977,Very High
EMP0090,55,33,Marketing,Marketing Executive,Diploma,Female,Full-Time,39.7,1.1,89.1,139128,Very High
EMP0091,53,28,HR,HR Executive,Master,Male,Full-Time,41.7,10.0,80.4,147442,Very High
EMP0092,25,7,IT,System Administrator,Bachelor,Male,Full-Time,41.2,11.5,60.1,75429,High
EMP0093,59,41,Sales,Sales Executive,Master,Male,Full-Time,54.9,14.7,62.8,173591,Very High
EMP0094,48,25,Operations,Supply Coordinator,Master,Female,Full-Time,53.0,1.8,79.4,121097,Very High
EMP0095,27,0,IT,Data Analyst,Master,Female,Full-Time,37.5,14.1,86.8,91449,High
EMP0096,29,10,Sales,Business Development,Bachelor,Female,Full-Time,29.7,2.3,71.4,80051,High
EMP0097,28,6,IT,System Administrator,Bachelor,Female,Contract,41.4,4.8,62.5,85506,High
EMP0098,32,14,Sales,Sales Executive,Diploma,Male,Contract,44.3,0.3,77.8,92515,High
EMP0099,54,30,IT,Data Analyst,Bachelor,Male,Part-Time,36.8,0.3,100.0,133604,Very High
EMP0100,53,35,HR,Recruiter,Diploma,Female,Full-Time,37.1,7.6,84.8,151721,Very High
EMP0101,43,22,Marketing,SEO Specialist,Master,Male,Full-Time,51.5,3.5,83.4,126313,Very High
EMP0102,44,18,Finance,Accountant,Bachelor,Female,Full-Time,40.5,1.8,90.9,98197,High
EMP0103,57,39,Sales,Business Development,Diploma,Male,Full-Time,46.0,1.3,87.2,158915,Very High
EMP0104,55,34,Marketing,SEO Specialist,Diploma,Male,Full-Time,36.4,6.7,70.1,123969,Very High
EMP0105,60,37,Operations,Supply Coordinator,High School,Male,Full-Time,41.7,0.0,60.3,128450,Very High
EMP0106,42,19,IT,System Administrator,Master,Male,Full-Time,40.0,9.8,64.2,123649,Very High
EMP0107,47,22,Finance,Finance Manager,Master,Male,Full-Time,37.9,0.5,64.2,120902,Very High
EMP0108,55,37,IT,Data Analyst,Bachelor,Male,Full-Time,48.9,1.3,89.0,160094,Very High
EMP0109,21,0,Operations,Operations Executive,Diploma,Female,Contract,33.7,2.9,81.1,49548,Medium
EMP0110,55,37,Operations,Operations Executive,Diploma,Male,Full-Time,43.8,4.0,82.8,147517,Very High
EMP0111,57,33,Sales,Sales Manager,High School,Male,Full-Time,39.9,2.6,64.6,121609,Very High
EMP0112,34,14,Operations,Operations Executive,Diploma,Female,Contract,44.5,2.3,96.6,95821,High
EMP0113,23,0,Sales,Sales Executive,Master,Female,Full-Time,40.0,19.9,64.0,87534,High
EMP0114,21,1,Sales,Business Development,Bachelor,Female,Full-Time,47.2,6.2,78.6,80187,High
EMP0115,25,7,IT,System Administrator,Bachelor,Female,Full-Time,36.4,0.1,74.3,91833,High
EMP0116,46,21,Marketing,SEO Specialist,Diploma,Male,Full-Time,48.9,3.4,79.2,103999,Very High
EMP0117,34,14,IT,Data Analyst,Bachelor,Male,Part-Time,41.8,12.5,80.4,98054,High
EMP0118,59,40,Operations,Operations Executive,Bachelor,Male,Full-Time,34.0,2.2,73.3,150785,Very High
EMP0119,47,29,Marketing,Marketing Manager,Bachelor,Female,Full-Time,46.1,0.6,94.8,141388,Very High
EMP0120,29,9,Marketing,SEO Specialist,Bachelor,Female,Full-Time,40.8,8.5,54.0,69693,Medium
EMP0121,35,16,IT,Data Analyst,High School,Male,Full-Time,31.8,5.6,62.7,103796,Very High
EMP0122,35,16,Finance,Accountant,Bachelor,Male,Contract,44.0,5.1,90.7,110178,Very High
EMP0123,46,23,Finance,Accountant,Bachelor,Female,Full-Time,48.0,0.3,84.8,143740,Very High
EMP0124,33,15,Finance,Accountant,Bachelor,Male,Full-Time,49.7,0.9,100.0,125142,Very High
EMP0125,52,33,IT,Data Analyst,PhD,Female,Full-Time,39.7,5.8,80.2,180633,Very High
EMP0126,59,36,Operations,Operations Executive,Bachelor,Female,Full-Time,42.9,1.4,100.0,155332,Very High
EMP0127,52,32,Sales,Business Development,Bachelor,Female,Contract,42.3,4.2,57.1,125278,Very High
EMP0128,24,3,Finance,Finance Manager,Bachelor,Female,Full-Time,50.9,4.7,55.1,80482,High
EMP0129,50,32,Finance,Accountant,Bachelor,Female,Full-Time,37.1,2.0,90.4,148434,Very High
EMP0130,57,32,HR,HR Manager,Bachelor,Male,Full-Time,39.2,17.8,56.4,139319,Very High
EMP0131,43,19,Sales,Business Development,Master,Female,Full-Time,37.0,11.1,72.7,127051,Very High
EMP0132,59,35,Sales,Business Development,Master,Female,Full-Time,33.3,7.7,93.6,169616,Very High
EMP0133,35,15,Operations,Operations Manager,Diploma,Male,Part-Time,43.5,0.5,81.7,88757,High
EMP0134,49,22,HR,Recruiter,Bachelor,Male,Full-Time,51.6,0.7,77.5,110088,Very High
EMP0135,56,29,Operations,Supply Coordinator,Bachelor,Male,Contract,40.8,4.1,73.2,119265,Very High
EMP0136,33,13,Operations,Supply Coordinator,Master,Male,Full-Time,36.7,1.1,77.5,102328,Very High
EMP0137,52,33,IT,Data Analyst,Bachelor,Female,Full-Time,43.1,23.0,83.7,160227,Very High
EMP0138,27,9,Operations,Operations Executive,Bachelor,Female,Full-Time,45.5,1.0,66.2,78350,High
EMP0139,42,18,IT,System Administrator,Diploma,Male,Full-Time,41.1,4.0,80.4,106992,Very High
EMP0140,48,24,Marketing,Marketing Executive,Bachelor,Male,Contract,50.4,2.7,90.5,126238,Very High
EMP0141,22,3,Finance,Finance Manager,Diploma,Female,Full-Time,37.1,6.1,69.2,71056,High
EMP0142,26,2,Operations,Operations Executive,Bachelor,Male,Full-Time,40.3,0.8,73.2,69361,Medium
EMP0143,48,23,Operations,Operations Executive,Diploma,Male,Full-Time,43.8,3.4,83.0,112384,Very High
EMP0144,48,30,Marketing,Marketing Executive,Master,Female,Full-Time,44.4,1.9,85.8,134751,Very High
EMP0145,40,14,Marketing,SEO Specialist,Bachelor,Female,Full-Time,42.3,13.1,84.1,96467,High
EMP0146,50,26,Finance,Financial Analyst,Bachelor,Male,Full-Time,34.3,0.2,66.3,136676,Very High
EMP0147,31,11,IT,Software Engineer,Master,Male,Full-Time,56.0,14.7,66.2,106594,Very High
EMP0148,48,23,HR,HR Executive,Bachelor,Male,Full-Time,40.6,10.7,70.2,102867,Very High
EMP0149,45,21,IT,System Administrator,Bachelor,Female,Full-Time,42.7,2.1,66.1,113279,Very High
EMP0150,59,34,Sales,Sales Executive,Bachelor,Female,Full-Time,45.7,9.3,57.5,142444,Very High
EMP0151,53,30,Finance,Finance Manager,High School,Male,Full-Time,38.2,0.2,40.4,120520,Very High
EMP0152,21,0,Operations,Operations Executive,Master,Female,Full-Time,42.3,20.4,83.3,81095,High
EMP0153,47,25,Sales,Sales Executive,High School,Female,Contract,37.9,4.5,58.9,100791,Very High
EMP0154,33,13,Operations,Operations Manager,Bachelor,Male,Full-Time,44.5,2.2,93.7,93580,High
EMP0155,23,3,IT,System Administrator,Bachelor,Male,Full-Time,40.3,2.7,81.2,88597,High
EMP0156,59,41,Operations,Operations Executive,Bachelor,Female,Full-Time,43.6,0.4,77.3,165120,Very High
EMP0157,26,1,Operations,Supply Coordinator,Master,Male,Full-Time,35.7,27.3,75.6,91682,High
EMP0158,28,9,HR,HR Manager,Bachelor,Male,Full-Time,37.0,0.2,79.3,80781,High
EMP0159,47,27,Sales,Sales Manager,High School,Female,Full-Time,33.8,6.4,64.6,126569,Very High
EMP0160,29,4,Marketing,SEO Specialist,Master,Female,Full-Time,37.7,3.5,72.3,88709,High
EMP0161,57,32,IT,Data Analyst,Bachelor,Female,Full-Time,26.6,17.8,65.6,144546,Very High
EMP0162,53,32,Sales,Sales Manager,Master,Female,Full-Time,40.2,1.7,87.6,164315,Very High
EMP0163,44,23,Finance,Accountant,Master,Female,Part-Time,38.8,4.6,68.5,117788,Very High
EMP0164,35,13,IT,Data Analyst,Master,Male,Contract,42.9,4.0,73.5,97178,High
EMP0165,52,29,Finance,Accountant,Bachelor,Female,Full-Time,42.3,7.3,76.5,143509,Very High
EMP0166,52,30,IT,Data Analyst,Bachelor,Male,Full-Time,49.5,0.4,80.9,147755,Very High
EMP0167,44,20,IT,Software Engineer,Master,Male,Contract,57.6,1.3,96.8,133358,Very High
EMP0168,32,13,IT,System Administrator,Bachelor,Female,Full-Time,48.8,1.4,72.1,109193,Very High
EMP0169,59,35,Operations,Operations Manager,Diploma,Female,Part-Time,39.3,8.0,94.2,138759,Very High
EMP0170,22,0,Sales,Sales Manager,Master,Male,Full-Time,39.0,1.3,77.6,73576,High
EMP0171,23,0,Operations,Supply Coordinator,Master,Female,Contract,47.2,5.1,88.3,80063,High
EMP0172,57,39,HR,HR Executive,Bachelor,Male,Full-Time,31.9,1.5,77.5,137982,Very High
EMP0173,37,13,Finance,Finance Manager,High School,Male,Contract,40.1,11.9,81.8,89364,High
EMP0174,22,0,Sales,Business Development,Bachelor,Male,Full-Time,40.6,17.1,68.7,66436,Medium
EMP0175,22,2,HR,Recruiter,Master,Female,Full-Time,45.5,4.4,36.0,73443,High
EMP0176,48,28,IT,System Administrator,Master,Female,Contract,45.7,2.6,65.5,135014,Very High
EMP0177,43,22,Sales,Business Development,Bachelor,Male,Full-Time,37.5,1.6,84.2,119920,Very High
EMP0178,57,38,IT,Data Analyst,High School,Female,Full-Time,39.5,0.3,87.7,132783,Very High
EMP0179,52,33,Sales,Sales Manager,Master,Male,Full-Time,44.7,1.9,64.4,156043,Very High
EMP0180,53,35,Sales,Sales Manager,Bachelor,Female,Full-Time,37.2,6.4,82.4,150221,Very High
EMP0181,21,0,IT,Data Analyst,Bachelor,Male,Contract,49.2,4.6,77.3,73666,High
EMP0182,39,18,IT,System Administrator,PhD,Male,Full-Time,45.7,17.3,73.5,130871,Very High
EMP0183,22,0,Marketing,Marketing Manager,High School,Female,Part-Time,43.0,3.0,80.3,50891,Medium
EMP0184,46,27,HR,HR Executive,Bachelor,Male,Full-Time,44.3,7.1,84.8,141649,Very High
EMP0185,52,32,IT,Software Engineer,High School,Male,Full-Time,39.2,4.0,79.0,137756,Very High
EMP0186,26,2,Operations,Supply Coordinator,Bachelor,Female,Full-Time,38.2,4.3,65.7,73946,High
EMP0187,52,28,IT,Software Engineer,Master,Female,Full-Time,39.5,1.9,91.2,150426,Very High
EMP0188,24,3,Sales,Business Development,Bachelor,Male,Full-Time,45.0,3.6,77.8,78292,High
EMP0189,31,9,Operations,Operations Executive,PhD,Male,Contract,43.2,3.8,57.1,91066,High
EMP0190,37,15,IT,Data Analyst,Bachelor,Male,Full-Time,39.5,7.4,77.3,116572,Very High
EMP0191,58,35,IT,Software Engineer,Bachelor,Male,Full-Time,46.5,16.9,64.4,151659,Very High
EMP0192,44,18,IT,Data Analyst,Bachelor,Male,Contract,41.0,2.4,64.6,99675,High
EMP0193,25,6,Finance,Accountant,Bachelor,Female,Full-Time,37.8,0.3,65.6,78547,High
EMP0194,54,32,IT,Data Analyst,Bachelor,Female,Part-Time,43.5,4.1,79.9,136793,Very High
EMP0195,26,6,Sales,Sales Manager,High School,Male,Full-Time,35.9,4.7,77.3,81722,High
EMP0196,42,21,IT,Software Engineer,Bachelor,Male,Part-Time,31.9,1.1,72.2,119827,Very High
EMP0197,31,4,Sales,Business Development,Bachelor,Male,Full-Time,42.0,8.6,67.3,76416,High
EMP0198,36,13,Operations,Operations Manager,Master,Male,Contract,38.1,25.2,65.4,90937,High
EMP0199,53,28,Marketing,Marketing Executive,Bachelor,Female,Full-Time,40.5,17.5,88.9,137384,Very High
EMP0200,29,11,Sales,Sales Manager,Master,Male,Full-Time,36.2,1.3,40.3,107799,Very High
EMP0201,26,0,Finance,Financial Analyst,High School,Male,Full-Time,49.3,12.5,66.4,49881,Medium
EMP0202,36,11,Sales,Sales Executive,Bachelor,Female,Full-Time,38.0,7.3,92.2,94788,High
EMP0203,49,25,Sales,Sales Executive,Bachelor,Male,Full-Time,39.4,3.6,83.9,133642,Very High
EMP0204,23,5,HR,HR Manager,Bachelor,Female,Full-Time,44.3,4.7,87.7,83770,High
EMP0205,40,21,IT,Software Engineer,High School,Male,Full-Time,33.7,11.4,51.1,101270,Very High
EMP0206,56,36,Operations,Operations Executive,Master,Female,Full-Time,33.3,3.9,65.5,157666,Very High
EMP0207,39,21,HR,HR Manager,Master,Female,Full-Time,44.3,2.8,83.0,135093,Very High
EMP0208,46,20,IT,System Administrator,Bachelor,Female,Full-Time,39.3,4.1,95.0,127562,Very High
EMP0209,23,0,Finance,Financial Analyst,High School,Female,Full-Time,36.6,5.2,57.5,56823,Medium
EMP0210,39,20,HR,HR Manager,Master,Male,Full-Time,45.6,1.3,72.2,126393,Very High
EMP0211,40,14,Operations,Operations Manager,Bachelor,Male,Full-Time,37.1,13.9,78.2,98276,High
EMP0212,52,28,Marketing,SEO Specialist,Master,Female,Full-Time,40.4,6.7,60.6,145808,Very High
EMP0213,27,1,Marketing,Marketing Manager,Master,Female,Full-Time,36.6,6.0,77.6,98547,High
EMP0214,53,30,IT,System Administrator,Master,Male,Full-Time,43.8,0.6,47.3,139304,Very High
EMP0215,60,37,HR,HR Executive,Bachelor,Male,Contract,50.0,5.6,86.3,138855,Very High
EMP0216,59,38,HR,HR Manager,Diploma,Male,Full-Time,30.8,0.8,69.4,145492,Very High
EMP0217,38,11,IT,Software Engineer,Bachelor,Male,Full-Time,42.7,0.5,69.3,90456,High
EMP0218,60,33,Finance,Accountant,Bachelor,Male,Full-Time,47.1,4.5,87.4,142072,Very High
EMP0219,21,2,Marketing,Marketing Manager,Master,Female,Full-Time,39.5,3.1,77.4,72146,High
EMP0220,31,7,IT,Software Engineer,Diploma,Male,Full-Time,35.2,5.3,72.9,83239,High
EMP0221,48,26,Sales,Sales Executive,Diploma,Male,Full-Time,44.5,0.6,90.0,127469,Very High
EMP0222,45,22,IT,Data Analyst,Master,Female,Full-Time,48.0,3.4,56.6,127588,Very High
EMP0223,43,24,IT,System Administrator,Master,Female,Full-Time,47.3,1.2,80.3,153637,Very High
EMP0224,51,29,IT,Data Analyst,Master,Female,Full-Time,44.2,26.1,65.9,159076,Very High
EMP0225,50,23,Operations,Operations Executive,Master,Female,Full-Time,42.6,4.9,88.0,148902,Very High
EMP0226,55,34,Marketing,Marketing Executive,Bachelor,Male,Full-Time,36.6,7.0,87.7,148821,Very High
EMP0227,27,1,Operations,Supply Coordinator,Bachelor,Female,Full-Time,47.2,2.4,80.6,80697,High
EMP0228,36,13,HR,HR Executive,Master,Female,Contract,46.9,0.6,94.9,111977,Very High
EMP0229,46,27,IT,System Administrator,Bachelor,Male,Full-Time,35.2,22.3,88.9,142974,Very High
EMP0230,22,4,Sales,Sales Manager,Bachelor,Female,Full-Time,44.2,2.0,70.8,75308,High
EMP0231,21,0,HR,HR Manager,Diploma,Female,Contract,45.9,3.3,71.5,39183,Low
EMP0232,32,6,Operations,Supply Coordinator,Bachelor,Male,Full-Time,47.3,6.3,79.8,87591,High
EMP0233,25,2,IT,Software Engineer,Master,Male,Full-Time,41.6,0.2,74.1,101414,Very High
EMP0234,57,30,HR,HR Executive,Bachelor,Male,Part-Time,36.9,10.0,86.5,113596,Very High
EMP0235,52,28,IT,System Administrator,Bachelor,Male,Part-Time,39.0,4.6,51.5,117557,Very High
EMP0236,29,7,Finance,Financial Analyst,Bachelor,Male,Full-Time,36.0,2.0,96.0,103942,Very High
EMP0237,55,28,Marketing,Marketing Executive,Bachelor,Female,Full-Time,41.7,0.4,79.7,129979,Very High
EMP0238,39,16,HR,HR Executive,Bachelor,Male,Full-Time,40.5,1.1,56.4,104292,Very High
EMP0239,36,14,Finance,Finance Manager,Bachelor,Female,Contract,54.9,13.5,62.5,94693,High
EMP0240,23,0,Finance,Financial Analyst,Master,Female,Full-Time,47.4,7.0,45.4,72214,High
EMP0241,40,17,HR,HR Manager,Bachelor,Female,Full-Time,47.8,1.7,62.9,109167,Very High
EMP0242,44,19,Marketing,Marketing Executive,Diploma,Female,Part-Time,44.8,0.4,75.0,85514,High
EMP0243,53,34,Operations,Operations Manager,High School,Male,Full-Time,39.8,7.0,97.6,135886,Very High
EMP0244,44,18,Operations,Operations Executive,Master,Male,Full-Time,40.3,5.1,80.7,115576,Very High
EMP0245,31,9,Marketing,Marketing Executive,Bachelor,Female,Full-Time,40.9,3.1,76.6,81612,High
EMP0246,28,4,Finance,Finance Manager,Master,Female,Full-Time,43.1,2.7,59.0,90521,High
EMP0247,56,29,Sales,Business Development,Bachelor,Female,Part-Time,44.3,1.5,69.1,116394,Very High
EMP0248,58,40,HR,HR Executive,Master,Male,Full-Time,42.0,6.6,72.0,169620,Very High
EMP0249,60,33,Finance,Accountant,Bachelor,Female,Part-Time,40.3,21.2,68.6,119468,Very High
EMP0250,40,18,Operations,Operations Executive,Master,Male,Full-Time,38.4,1.2,72.1,110977,Very High
EMP0251,55,28,IT,Software Engineer,Bachelor,Female,Full-Time,33.6,5.5,74.9,139176,Very High
EMP0252,45,26,Operations,Operations Manager,Master,Female,Contract,49.7,3.3,73.9,142353,Very High
EMP0253,55,32,HR,HR Manager,Bachelor,Male,Full-Time,55.2,3.6,71.4,139040,Very High
EMP0254,45,27,Sales,Sales Executive,Bachelor,Female,Full-Time,49.2,1.8,80.1,128309,Very High
EMP0255,49,29,Sales,Business Development,Bachelor,Male,Full-Time,34.4,10.5,73.9,124238,Very High
EMP0256,38,16,Operations,Supply Coordinator,Diploma,Male,Part-Time,46.7,4.0,56.3,73370,High
EMP0257,38,17,Sales,Sales Manager,Master,Male,Full-Time,48.1,4.7,76.0,120703,Very High
EMP0258,22,2,Sales,Sales Manager,Bachelor,Female,Full-Time,39.6,2.2,70.8,57676,Medium
EMP0259,55,28,IT,System Administrator,Bachelor,Female,Full-Time,44.9,1.2,59.9,125071,Very High
EMP0260,36,14,Sales,Sales Executive,Bachelor,Female,Full-Time,39.3,0.5,68.3,94542,High
EMP0261,56,31,IT,System Administrator,Bachelor,Male,Part-Time,51.2,7.5,85.8,134428,Very High
EMP0262,53,32,Marketing,Marketing Executive,Master,Female,Full-Time,44.2,1.3,66.2,148190,Very High
EMP0263,24,6,Sales,Sales Executive,Master,Female,Full-Time,36.5,7.0,57.5,86049,High
EMP0264,53,29,Sales,Sales Manager,Master,Male,Full-Time,46.0,3.0,74.9,150556,Very High
EMP0265,34,9,IT,Software Engineer,Diploma,Female,Full-Time,48.4,3.2,81.2,94093,High
EMP0266,41,21,IT,Software Engineer,Diploma,Male,Contract,43.2,3.8,98.4,118050,Very High
EMP0267,40,17,Marketing,Marketing Manager,Master,Female,Full-Time,44.9,2.8,83.7,126201,Very High
EMP0268,28,9,IT,Data Analyst,Bachelor,Male,Contract,41.6,0.6,87.2,100254,Very High
EMP0269,27,3,IT,Software Engineer,Bachelor,Male,Full-Time,35.2,2.2,76.6,74233,High
EMP0270,23,0,IT,Software Engineer,High School,Male,Full-Time,41.1,6.5,62.8,62756,Medium
EMP0271,37,14,Operations,Operations Manager,Bachelor,Female,Contract,45.1,6.6,82.3,102837,Very High
EMP0272,53,30,Marketing,Marketing Manager,High School,Male,Full-Time,41.2,2.0,78.2,133772,Very High
EMP0273,32,10,Finance,Accountant,Master,Male,Full-Time,46.8,3.7,78.5,112071,Very High
EMP0274,42,17,Finance,Accountant,Bachelor,Female,Contract,39.6,1.3,64.7,101412,Very High
EMP0275,42,24,Finance,Financial Analyst,Bachelor,Female,Full-Time,40.0,1.4,83.4,132939,Very High
EMP0276,50,23,Marketing,Marketing Executive,High School,Male,Full-Time,47.0,0.1,76.3,115959,Very High
EMP0277,58,37,Sales,Business Development,Bachelor,Male,Full-Time,43.3,13.6,82.0,155911,Very High
EMP0278,58,37,IT,Software Engineer,Bachelor,Male,Full-Time,39.5,1.4,80.0,162000,Very High
EMP0279,28,8,IT,Software Engineer,Master,Male,Full-Time,48.2,1.5,70.4,103491,Very High
EMP0280,47,27,IT,Data Analyst,Master,Female,Full-Time,37.9,2.0,84.3,142548,Very High
EMP0281,47,26,Sales,Sales Executive,Bachelor,Female,Full-Time,37.6,0.8,73.5,126704,Very High
EMP0282,54,36,Marketing,Marketing Manager,Master,Female,Full-Time,25.0,6.1,61.0,150810,Very High
EMP0283,41,22,Finance,Accountant,PhD,Male,Full-Time,38.7,0.5,54.9,135898,Very High
EMP0284,50,24,IT,System Administrator,Master,Female,Full-Time,49.9,0.9,80.1,153872,Very High
EMP0285,53,26,IT,Data Analyst,Master,Female,Full-Time,29.6,6.2,72.2,152131,Very High
EMP0286,48,29,Operations,Operations Executive,Bachelor,Female,Full-Time,36.3,2.5,58.1,114281,Very High
EMP0287,53,31,Finance,Accountant,Bachelor,Female,Full-Time,44.6,7.4,79.9,136571,Very High
EMP0288,25,0,Marketing,SEO Specialist,High School,Female,Part-Time,28.5,4.9,70.1,41990,Medium
EMP0289,39,13,Sales,Sales Executive,Diploma,Female,Full-Time,38.9,1.8,69.0,87266,High
EMP0290,24,0,Finance,Financial Analyst,PhD,Male,Full-Time,48.8,6.3,74.0,101122,Very High
EMP0291,55,37,IT,System Administrator,Bachelor,Female,Contract,54.3,0.7,96.9,152610,Very High
EMP0292,37,19,IT,System Administrator,Master,Female,Full-Time,43.7,4.6,91.5,143535,Very High
EMP0293,48,22,Sales,Sales Executive,Master,Female,Full-Time,36.4,3.4,78.7,132637,Very High
EMP0294,50,25,Marketing,Marketing Executive,Master,Male,Full-Time,36.2,1.9,76.9,134531,Very High
EMP0295,49,22,Sales,Sales Executive,PhD,Female,Full-Time,42.9,5.6,78.6,145810,Very High
EMP0296,26,0,Sales,Sales Manager,Bachelor,Female,Contract,43.7,12.3,73.9,62942,Medium
EMP0297,55,31,IT,Data Analyst,High School,Male,Contract,53.1,35.0,71.3,114941,Very High
EMP0298,57,37,Operations,Operations Manager,Bachelor,Male,Full-Time,47.8,5.6,82.5,152358,Very High
EMP0299,44,24,Marketing,Marketing Executive,Diploma,Female,Full-Time,42.5,3.1,58.7,108100,Very High
EMP0300,49,30,Finance,Finance Manager,High School,Female,Contract,40.0,1.5,80.3,120424,Very High
EMP0301,51,29,Operations,Operations Executive,Bachelor,Male,Contract,60.1,1.8,84.7,138127,Very High
EMP0302,55,35,Sales,Sales Manager,Master,Male,Full-Time,45.8,3.9,74.3,164691,Very High
EMP0303,53,30,Sales,Sales Manager,Bachelor,Female,Full-Time,38.0,2.7,77.9,155337,Very High
EMP0304,41,22,Marketing,Marketing Executive,Bachelor,Male,Full-Time,40.7,14.7,62.0,118944,Very High
EMP0305,52,32,Marketing,Marketing Executive,Bachelor,Male,Contract,36.7,2.8,64.6,126506,Very High
EMP0306,43,21,Sales,Sales Manager,Bachelor,Male,Full-Time,27.6,2.8,79.4,112649,Very High
EMP0307,53,35,IT,Data Analyst,High School,Male,Full-Time,43.9,2.9,71.6,139600,Very High
EMP0308,23,5,Finance,Accountant,Master,Male,Full-Time,52.7,10.9,50.3,83939,High
EMP0309,38,11,Operations,Operations Executive,Bachelor,Male,Full-Time,32.2,6.3,60.5,88136,High
EMP0310,45,19,IT,Data Analyst,Master,Male,Full-Time,42.3,5.7,64.3,116533,Very High
EMP0311,51,27,Finance,Accountant,High School,Male,Contract,37.8,2.4,87.7,127626,Very High
EMP0312,23,5,HR,HR Manager,Master,Male,Full-Time,45.1,10.2,73.9,90503,High
EMP0313,60,35,HR,HR Executive,Bachelor,Male,Full-Time,41.0,0.2,70.3,146332,Very High
EMP0314,44,24,Sales,Business Development,Bachelor,Male,Full-Time,33.8,12.3,69.1,113976,Very High
EMP0315,52,27,Operations,Supply Coordinator,Bachelor,Female,Full-Time,36.1,4.3,93.9,135992,Very High
EMP0316,42,20,IT,Data Analyst,Master,Male,Full-Time,37.0,3.0,87.8,146824,Very High
EMP0317,43,25,IT,Software Engineer,Bachelor,Male,Full-Time,50.1,4.1,64.2,122446,Very High
EMP0318,22,0,IT,Data Analyst,Bachelor,Male,Full-Time,49.8,6.6,85.0,74535,High
EMP0319,47,25,Operations,Operations Executive,PhD,Male,Full-Time,40.1,0.1,77.3,154039,Very High
EMP0320,22,0,Sales,Business Development,Master,Female,Full-Time,49.4,12.3,79.8,78147,High
EMP0321,46,23,Finance,Financial Analyst,Bachelor,Female,Full-Time,41.0,3.6,75.3,123322,Very High
EMP0322,37,12,Marketing,SEO Specialist,Master,Female,Contract,40.0,2.5,88.9,117845,Very High
EMP0323,60,34,Operations,Operations Manager,Bachelor,Female,Contract,42.3,0.9,66.4,128924,Very High
EMP0324,53,34,Operations,Operations Manager,Bachelor,Female,Full-Time,43.7,3.5,76.9,154526,Very High
EMP0325,29,3,Operations,Operations Executive,Bachelor,Male,Full-Time,38.7,4.1,86.7,76595,High
EMP0326,59,32,Finance,Finance Manager,Master,Male,Contract,42.1,3.1,50.8,135332,Very High
EMP0327,49,23,Marketing,Marketing Manager,Master,Male,Full-Time,46.7,6.8,76.2,136496,Very High
EMP0328,46,19,HR,HR Executive,Bachelor,Male,Part-Time,42.8,3.3,71.5,95579,High
EMP0329,55,28,Operations,Operations Manager,Bachelor,Female,Contract,42.3,19.5,84.3,128197,Very High
EMP0330,45,21,Marketing,Marketing Manager,Bachelor,Female,Full-Time,45.0,5.5,89.3,115074,Very High
EMP0331,44,26,Marketing,SEO Specialist,PhD,Male,Full-Time,46.0,9.9,85.8,155933,Very High
EMP0332,33,9,Sales,Sales Executive,PhD,Female,Contract,41.6,0.7,77.0,97277,High
EMP0333,27,0,IT,Data Analyst,Bachelor,Female,Full-Time,39.2,3.0,72.0,77731,High
EMP0334,56,34,Sales,Business Development,Master,Male,Full-Time,43.1,2.5,76.0,167481,Very High
EMP0335,40,17,Operations,Supply Coordinator,Master,Male,Full-Time,32.4,5.1,78.0,106342,Very High
EMP0336,21,0,Operations,Operations Manager,Bachelor,Male,Full-Time,40.7,11.8,87.7,69848,Medium
EMP0337,28,4,IT,Software Engineer,High School,Male,Full-Time,27.2,0.5,63.0,65728,Medium
EMP0338,36,14,IT,Data Analyst,Bachelor,Male,Full-Time,31.9,0.5,70.6,95933,High
EMP0339,34,10,IT,Software Engineer,Bachelor,Male,Contract,31.0,11.4,71.9,78795,High
EMP0340,32,6,Marketing,SEO Specialist,Bachelor,Male,Full-Time,48.3,1.4,85.3,77789,High
EMP0341,43,23,Marketing,Marketing Manager,Bachelor,Male,Full-Time,42.1,6.6,79.4,119693,Very High
EMP0342,35,10,IT,Software Engineer,Master,Female,Full-Time,34.4,4.7,85.6,123004,Very High
EMP0343,48,29,Sales,Sales Executive,Diploma,Female,Full-Time,44.9,10.7,90.1,123676,Very High
EMP0344,54,30,Operations,Operations Executive,Bachelor,Female,Full-Time,47.9,0.8,86.5,140336,Very High
EMP0345,22,3,Marketing,Marketing Manager,Master,Male,Contract,45.1,0.8,59.9,79102,High
EMP0346,52,31,Sales,Sales Manager,Master,Male,Part-Time,40.9,4.9,98.9,158519,Very High
EMP0347,43,19,Sales,Business Development,Bachelor,Female,Full-Time,43.4,17.6,91.1,122682,Very High
EMP0348,42,22,Sales,Sales Executive,Bachelor,Male,Full-Time,47.4,3.2,77.8,125030,Very High
EMP0349,45,26,Finance,Accountant,Diploma,Male,Full-Time,39.2,2.4,61.6,125655,Very High
EMP0350,42,15,Sales,Business Development,Bachelor,Female,Full-Time,42.2,5.6,56.2,91200,High
EMP0351,42,18,Sales,Sales Executive,Bachelor,Female,Full-Time,40.5,16.0,77.2,107610,Very High
EMP0352,26,8,Operations,Operations Executive,Diploma,Male,Full-Time,32.3,10.9,63.9,83783,High
EMP0353,35,10,Sales,Business Development,Master,Male,Contract,47.5,32.4,49.0,76794,High
EMP0354,57,37,Marketing,Marketing Manager,Bachelor,Male,Full-Time,54.3,0.1,62.3,141429,Very High
EMP0355,53,34,IT,System Administrator,Bachelor,Male,Full-Time,36.8,0.7,74.8,142664,Very High
EMP0356,28,8,HR,HR Executive,Master,Male,Full-Time,47.8,5.6,75.5,98665,High
EMP0357,25,3,IT,System Administrator,Diploma,Male,Full-Time,36.9,10.3,88.1,79484,High
EMP0358,59,34,IT,Software Engineer,High School,Male,Full-Time,42.8,2.0,86.0,150282,Very High
EMP0359,24,0,Marketing,Marketing Manager,Master,Female,Full-Time,51.0,1.6,67.2,77757,High
EMP0360,26,2,Operations,Operations Executive,Bachelor,Female,Full-Time,38.9,9.3,75.7,62072,Medium
EMP0361,52,28,IT,Software Engineer,Master,Female,Part-Time,41.9,0.3,82.4,129941,Very High
EMP0362,50,26,HR,Recruiter,Master,Male,Full-Time,31.2,2.8,87.0,140608,Very High
EMP0363,55,30,Marketing,Marketing Manager,Master,Male,Part-Time,38.0,4.2,78.4,130042,Very High
EMP0364,60,42,IT,System Administrator,PhD,Male,Full-Time,30.6,4.9,94.2,197642,Very High
EMP0365,36,15,Sales,Sales Executive,Bachelor,Male,Full-Time,44.6,7.8,84.5,114144,Very High
EMP0366,33,10,Marketing,Marketing Executive,Bachelor,Male,Part-Time,47.0,2.6,75.1,83598,High
EMP0367,50,24,Sales,Sales Executive,Bachelor,Female,Full-Time,40.7,5.7,75.7,136879,Very High
EMP0368,39,20,IT,Data Analyst,Diploma,Female,Full-Time,43.7,5.3,87.2,117306,Very High
EMP0369,37,19,Finance,Accountant,Bachelor,Female,Full-Time,40.0,4.8,67.5,108937,Very High
EMP0370,39,12,Marketing,Marketing Executive,Bachelor,Male,Full-Time,46.4,6.1,56.0,91927,High
EMP0371,48,29,Sales,Business Development,Master,Female,Full-Time,42.8,1.8,60.8,138154,Very High
EMP0372,46,22,IT,System Administrator,Bachelor,Male,Full-Time,30.1,0.5,67.9,119469,Very High
EMP0373,57,37,Marketing,SEO Specialist,Bachelor,Male,Full-Time,47.6,0.8,89.0,154135,Very High
EMP0374,46,19,IT,Data Analyst,Bachelor,Male,Full-Time,39.7,1.5,71.5,129394,Very High
EMP0375,43,24,Marketing,Marketing Executive,High School,Female,Contract,34.4,4.2,79.8,113658,Very High
EMP0376,29,5,IT,System Administrator,High School,Female,Full-Time,39.4,11.0,65.7,80657,High
EMP0377,32,13,Operations,Operations Executive,Bachelor,Male,Part-Time,30.6,7.2,68.3,92760,High
EMP0378,21,1,Finance,Accountant,Diploma,Female,Full-Time,34.5,9.3,58.5,70993,High
EMP0379,21,0,Finance,Finance Manager,Bachelor,Female,Full-Time,42.9,2.6,70.5,64755,Medium
EMP0380,54,33,IT,System Administrator,Master,Male,Part-Time,43.4,3.1,77.7,156007,Very High
EMP0381,52,34,Finance,Accountant,Master,Male,Full-Time,43.8,3.0,85.0,171650,Very High
EMP0382,45,23,Operations,Operations Executive,Bachelor,Male,Full-Time,42.0,1.3,81.0,125513,Very High
EMP0383,60,34,Operations,Operations Executive,Bachelor,Female,Full-Time,37.8,0.4,78.1,142767,Very High
EMP0384,21,0,Finance,Finance Manager,Master,Male,Full-Time,41.7,5.4,53.1,82409,High
EMP0385,36,10,HR,Recruiter,Master,Female,Full-Time,39.4,27.2,83.3,104013,Very High
EMP0386,59,32,Marketing,Marketing Manager,Diploma,Male,Full-Time,32.2,1.1,78.8,128133,Very High
EMP0387,25,0,Operations,Operations Manager,Master,Female,Part-Time,37.4,0.3,72.9,61408,Medium
EMP0388,42,18,Sales,Sales Executive,Bachelor,Male,Full-Time,47.3,9.1,94.3,122531,Very High
EMP0389,49,28,Finance,Accountant,Master,Female,Contract,51.5,1.7,89.6,141619,Very High
EMP0390,23,1,HR,HR Executive,PhD,Female,Contract,45.9,10.6,76.0,84119,High
EMP0391,32,14,Sales,Sales Manager,High School,Female,Full-Time,51.3,7.3,74.4,97114,High
EMP0392,46,28,IT,System Administrator,Master,Female,Full-Time,42.5,17.5,76.2,152207,Very High
EMP0393,36,16,Sales,Sales Executive,Bachelor,Male,Contract,52.5,3.2,78.4,106680,Very High
EMP0394,57,32,Finance,Finance Manager,PhD,Female,Contract,54.3,6.5,83.9,159162,Very High
EMP0395,42,23,Marketing,Marketing Manager,Bachelor,Male,Full-Time,31.6,3.8,97.7,131641,Very High
EMP0396,49,28,IT,Software Engineer,Master,Male,Full-Time,43.3,6.0,100.0,154980,Very High
EMP0397,34,15,Sales,Sales Executive,High School,Female,Full-Time,42.5,3.6,78.7,88427,High
EMP0398,48,26,HR,HR Manager,Bachelor,Male,Full-Time,39.5,1.3,52.5,113038,Very High
EMP0399,25,0,Sales,Business Development,High School,Male,Full-Time,45.0,4.3,59.9,65499,Medium
EMP0400,50,32,IT,System Administrator,PhD,Female,Full-Time,42.2,4.5,100.0,178849,Very High
EMP0401,25,3,Sales,Business Development,Master,Male,Full-Time,37.6,10.0,79.9,106975,Very High
EMP0402,32,6,Sales,Sales Executive,Master,Female,Full-Time,41.8,8.0,77.4,82855,High
EMP0403,36,18,Sales,Sales Executive,Master,Male,Full-Time,49.2,6.5,73.5,111501,Very High
EMP0404,46,20,Sales,Business Development,Diploma,Male,Full-Time,43.1,0.7,62.6,114179,Very High
EMP0405,46,21,Sales,Sales Manager,Bachelor,Male,Full-Time,45.8,7.7,96.2,135899,Very High
EMP0406,41,20,Marketing,SEO Specialist,High School,Female,Full-Time,40.3,4.2,66.5,94231,High
EMP0407,59,32,Finance,Financial Analyst,Bachelor,Female,Full-Time,44.7,13.5,86.7,149227,Very High
EMP0408,56,34,Operations,Supply Coordinator,Bachelor,Female,Full-Time,34.7,15.1,62.6,143695,Very High
EMP0409,53,31,HR,HR Manager,Bachelor,Female,Full-Time,39.0,0.3,77.1,134579,Very High
EMP0410,50,27,IT,Software Engineer,Bachelor,Male,Contract,41.4,10.3,89.1,137634,Very High
EMP0411,57,33,IT,Data Analyst,Diploma,Male,Full-Time,34.3,0.2,77.2,144697,Very High
EMP0412,43,18,Finance,Accountant,Diploma,Female,Full-Time,37.0,2.7,71.7,96325,High
EMP0413,30,5,Marketing,SEO Specialist,Diploma,Male,Full-Time,43.9,4.7,72.7,71032,High
EMP0414,25,6,Marketing,Marketing Executive,PhD,Male,Contract,42.8,1.0,57.3,96342,High
EMP0415,56,30,Marketing,SEO Specialist,Master,Male,Full-Time,46.8,8.2,60.0,142722,Very High
EMP0416,54,30,Sales,Sales Executive,PhD,Female,Full-Time,38.4,0.1,88.1,154721,Very High
EMP0417,51,30,HR,HR Executive,Bachelor,Female,Full-Time,42.3,1.1,74.3,138281,Very High
EMP0418,30,9,IT,System Administrator,Bachelor,Male,Full-Time,38.0,5.2,81.9,100371,Very High
EMP0419,39,14,Finance,Accountant,Master,Male,Full-Time,46.2,7.5,87.8,114142,Very High
EMP0420,52,31,HR,HR Executive,Bachelor,Female,Full-Time,49.1,14.9,91.9,153958,Very High
EMP0421,21,0,IT,Data Analyst,Bachelor,Female,Full-Time,44.9,7.3,51.5,66599,Medium
EMP0422,25,3,IT,Data Analyst,Bachelor,Male,Full-Time,48.4,6.7,63.4,77818,High
EMP0423,24,4,Sales,Business Development,Diploma,Female,Full-Time,42.2,3.0,79.0,79942,High
EMP0424,36,9,Marketing,SEO Specialist,Bachelor,Male,Full-Time,46.8,0.0,80.9,104303,Very High
EMP0425,44,25,Operations,Supply Coordinator,Bachelor,Male,Part-Time,42.5,0.8,100.0,123767,Very High
EMP0426,36,10,Operations,Operations Executive,Bachelor,Female,Full-Time,35.9,4.6,62.9,91798,High
EMP0427,22,0,Sales,Sales Manager,High School,Female,Part-Time,43.5,6.7,85.0,44739,Medium
EMP0428,48,22,HR,HR Executive,Bachelor,Male,Full-Time,36.0,3.2,81.5,118534,Very High
EMP0429,52,34,Sales,Sales Manager,Master,Female,Full-Time,56.0,7.9,59.6,148934,Very High
EMP0430,47,20,Marketing,Marketing Executive,Diploma,Female,Full-Time,40.0,4.4,69.8,110359,Very High
EMP0431,40,20,IT,Data Analyst,Bachelor,Female,Contract,45.9,0.5,80.1,123614,Very High
EMP0432,44,19,HR,Recruiter,Master,Female,Full-Time,41.9,1.3,56.1,125868,Very High
EMP0433,32,9,Operations,Operations Manager,Diploma,Female,Full-Time,34.6,11.0,47.7,57387,Medium
EMP0434,55,33,Finance,Accountant,Diploma,Male,Full-Time,30.6,7.7,58.0,130486,Very High
EMP0435,53,31,Sales,Sales Manager,Bachelor,Male,Full-Time,46.5,13.5,80.8,150582,Very High
EMP0436,53,30,Sales,Sales Manager,Bachelor,Male,Full-Time,51.3,0.8,73.6,126949,Very High
EMP0437,57,33,IT,Data Analyst,Bachelor,Male,Full-Time,37.6,27.8,68.6,153250,Very High
EMP0438,32,14,Finance,Accountant,Master,Female,Full-Time,32.1,1.4,68.3,122643,Very High
EMP0439,23,0,Finance,Accountant,Diploma,Male,Full-Time,40.0,0.1,54.9,61017,Medium
EMP0440,21,1,IT,Software Engineer,Bachelor,Male,Full-Time,36.4,35.0,61.5,64775,Medium
EMP0441,53,32,IT,System Administrator,Bachelor,Male,Full-Time,38.1,2.0,57.9,140814,Very High
EMP0442,60,33,Operations,Operations Manager,Diploma,Male,Full-Time,45.7,6.6,93.5,151536,Very High
EMP0443,30,12,Finance,Finance Manager,Bachelor,Male,Full-Time,41.7,1.2,95.1,118458,Very High
EMP0444,49,22,Sales,Sales Manager,Bachelor,Female,Full-Time,37.0,5.2,48.8,111935,Very High
EMP0445,33,13,Finance,Accountant,Bachelor,Male,Full-Time,45.5,14.1,67.5,93384,High
EMP0446,32,13,Operations,Operations Executive,Diploma,Female,Contract,46.0,2.3,70.1,96304,High
EMP0447,51,32,Finance,Financial Analyst,Bachelor,Female,Contract,40.0,6.7,76.9,146061,Very High
EMP0448,22,4,HR,HR Manager,Bachelor,Male,Part-Time,42.8,1.2,84.8,60099,Medium
EMP0449,55,30,Operations,Operations Executive,Master,Male,Full-Time,45.1,5.9,73.0,147948,Very High
EMP0450,43,23,Operations,Operations Executive,High School,Male,Full-Time,44.6,2.5,76.3,111382,Very High
EMP0451,37,17,IT,System Administrator,Bachelor,Female,Full-Time,42.2,1.4,100.0,118942,Very High
EMP0452,46,23,Marketing,Marketing Executive,Bachelor,Female,Full-Time,50.6,2.3,76.1,122672,Very High
EMP0453,28,3,HR,Recruiter,Master,Male,Full-Time,45.5,1.2,93.8,100173,Very High
EMP0454,49,23,HR,HR Manager,Bachelor,Male,Full-Time,39.3,13.9,81.7,118121,Very High
EMP0455,46,20,IT,System Administrator,Bachelor,Female,Part-Time,39.3,3.0,69.9,114923,Very High
EMP0456,30,9,IT,Data Analyst,Master,Male,Part-Time,38.7,1.7,65.3,80368,High
EMP0457,46,24,Marketing,Marketing Executive,Master,Male,Full-Time,45.8,3.6,77.4,150418,Very High
EMP0458,54,35,HR,HR Manager,Bachelor,Female,Full-Time,38.3,2.3,66.9,141816,Very High
EMP0459,27,1,HR,HR Manager,Bachelor,Female,Full-Time,39.5,8.2,60.7,71956,High
EMP0460,24,0,Marketing,SEO Specialist,Master,Female,Full-Time,48.3,21.3,63.7,78825,High
EMP0461,31,11,Marketing,SEO Specialist,PhD,Female,Full-Time,43.1,3.5,77.7,113630,Very High
EMP0462,49,23,IT,Software Engineer,Master,Female,Full-Time,49.2,11.8,97.9,147610,Very High
EMP0463,56,36,Sales,Business Development,Bachelor,Male,Full-Time,46.8,5.0,74.4,136874,Very High
EMP0464,45,19,IT,Software Engineer,Diploma,Female,Full-Time,34.9,1.0,82.1,120354,Very High
EMP0465,41,22,Marketing,Marketing Executive,Bachelor,Female,Full-Time,41.4,7.0,56.9,112671,Very High
EMP0466,56,29,Sales,Sales Manager,Master,Female,Full-Time,47.9,4.3,91.3,151414,Very High
EMP0467,30,4,Operations,Supply Coordinator,Bachelor,Male,Full-Time,34.7,6.3,51.4,74059,High
EMP0468,57,32,IT,System Administrator,Bachelor,Male,Part-Time,44.5,13.2,87.6,139323,Very High
EMP0469,29,3,IT,System Administrator,Master,Male,Full-Time,41.8,3.5,71.3,98803,High
EMP0470,44,22,Finance,Accountant,Bachelor,Male,Full-Time,31.5,13.9,74.0,129036,Very High
EMP0471,55,36,Finance,Accountant,Master,Male,Full-Time,42.7,8.3,76.2,162025,Very High
EMP0472,55,30,IT,Data Analyst,Bachelor,Female,Full-Time,37.0,4.0,63.3,133307,Very High
EMP0473,56,33,Operations,Operations Manager,Bachelor,Female,Contract,35.0,5.5,64.4,120082,Very High
EMP0474,38,13,IT,Data Analyst,Bachelor,Male,Full-Time,42.1,2.4,84.9,110173,Very High
EMP0475,59,37,Finance,Finance Manager,Master,Female,Full-Time,30.4,24.7,77.7,171760,Very High
EMP0476,52,25,Marketing,Marketing Executive,Diploma,Male,Full-Time,38.0,6.6,73.6,108495,Very High
EMP0477,44,25,HR,HR Manager,Diploma,Male,Contract,57.3,0.3,83.5,124168,Very High
EMP0478,43,20,Marketing,Marketing Executive,PhD,Male,Full-Time,45.9,2.4,77.9,133509,Very High
EMP0479,52,30,IT,Data Analyst,Diploma,Male,Full-Time,36.7,5.9,69.1,120460,Very High
EMP0480,57,35,HR,HR Executive,Bachelor,Male,Full-Time,50.4,0.3,100.0,163464,Very High
EMP0481,32,14,IT,System Administrator,Bachelor,Male,Full-Time,36.0,0.1,84.4,97529,High
EMP0482,33,14,IT,System Administrator,Bachelor,Male,Full-Time,38.7,3.6,76.5,115324,Very High
EMP0483,43,18,Operations,Operations Executive,Bachelor,Female,Full-Time,35.1,2.4,70.0,111148,Very High
EMP0484,45,25,IT,Data Analyst,Bachelor,Male,Full-Time,43.5,3.5,89.2,139457,Very High
EMP0485,55,28,Sales,Sales Manager,Bachelor,Female,Contract,50.2,1.8,69.3,122196,Very High
EMP0486,50,30,HR,HR Manager,Bachelor,Female,Full-Time,36.0,1.1,68.9,134635,Very High
EMP0487,37,12,Finance,Financial Analyst,Bachelor,Female,Full-Time,29.6,7.0,94.3,114744,Very High
EMP0488,40,15,Operations,Operations Manager,Diploma,Female,Full-Time,48.5,4.3,75.5,88524,High
EMP0489,45,26,IT,Data Analyst,Bachelor,Male,Full-Time,51.3,1.3,69.1,139220,Very High
EMP0490,42,17,Sales,Business Development,Diploma,Male,Full-Time,30.0,2.3,76.0,109516,Very High
EMP0491,33,15,Operations,Operations Manager,Bachelor,Female,Full-Time,44.8,5.4,85.1,106836,Very High
EMP0492,39,16,Sales,Sales Executive,Bachelor,Male,Full-Time,43.4,0.4,83.4,105624,Very High
EMP0493,56,31,Operations,Supply Coordinator,Diploma,Female,Full-Time,37.3,1.0,91.3,142703,Very High
EMP0494,32,12,IT,System Administrator,Master,Female,Full-Time,33.6,0.5,59.9,113923,Very High
EMP0495,39,14,HR,HR Executive,Bachelor,Female,Full-Time,48.0,10.0,85.4,94578,High
EMP0496,32,14,Finance,Finance Manager,Master,Female,Full-Time,43.1,8.4,72.1,113464,Very High
EMP0497,29,3,Marketing,SEO Specialist,PhD,Female,Full-Time,43.5,8.4,72.6,105743,Very High
EMP0498,27,1,Operations,Operations Manager,Bachelor,Female,Full-Time,38.3,7.6,85.6,74962,High
EMP0499,48,26,Finance,Financial Analyst,Diploma,Male,Contract,37.2,6.6,85.9,131867,Very High
EMP0500,34,7,Sales,Sales Manager,Bachelor,Female,Part-Time,27.3,3.9,77.4,72098,High
EMP0501,51,30,IT,Software Engineer,Master,Male,Full-Time,40.6,6.2,54.8,141181,Very High
EMP0502,39,16,Sales,Sales Executive,Bachelor,Male,Full-Time,50.6,0.2,75.4,121945,Very High
EMP0503,36,12,HR,Recruiter,Diploma,Female,Full-Time,36.7,5.8,64.7,72279,High
EMP0504,25,3,Operations,Operations Executive,Bachelor,Male,Part-Time,32.9,9.0,79.9,60066,Medium
EMP0505,55,28,Sales,Sales Manager,Master,Male,Full-Time,44.6,4.2,90.3,152163,Very High
EMP0506,32,6,Finance,Finance Manager,Master,Male,Full-Time,45.7,2.7,69.5,104428,Very High
EMP0507,45,25,IT,System Administrator,Diploma,Female,Full-Time,38.5,1.9,70.0,129025,Very High
EMP0508,41,17,IT,Software Engineer,Bachelor,Male,Part-Time,39.9,6.2,94.0,124479,Very High
EMP0509,56,29,IT,Data Analyst,Bachelor,Female,Full-Time,43.6,7.1,70.9,138792,Very High
EMP0510,43,16,Finance,Accountant,Bachelor,Male,Full-Time,41.1,12.3,59.8,98019,High
EMP0511,36,14,Operations,Supply Coordinator,Master,Female,Full-Time,48.0,2.5,65.1,106047,Very High
EMP0512,59,35,Sales,Business Development,Bachelor,Female,Full-Time,56.6,8.8,72.8,145240,Very High
EMP0513,59,40,Sales,Sales Manager,Bachelor,Male,Full-Time,31.7,4.9,70.9,157337,Very High
EMP0514,34,13,IT,Software Engineer,High School,Male,Full-Time,49.4,12.9,83.5,91948,High
EMP0515,51,32,Operations,Supply Coordinator,Master,Male,Full-Time,42.6,4.5,53.0,148438,Very High
EMP0516,25,1,Marketing,Marketing Executive,Master,Female,Full-Time,50.3,4.4,61.0,81146,High
EMP0517,55,36,IT,Software Engineer,Bachelor,Female,Full-Time,46.3,5.2,79.7,149248,Very High
EMP0518,43,25,Marketing,Marketing Manager,Master,Female,Full-Time,42.4,8.3,79.5,144601,Very High
EMP0519,49,23,Sales,Sales Executive,Diploma,Male,Full-Time,46.6,20.1,95.0,117170,Very High
EMP0520,31,13,IT,Software Engineer,Bachelor,Female,Full-Time,39.6,0.5,93.7,104115,Very High
EMP0521,38,13,HR,Recruiter,Bachelor,Female,Part-Time,37.4,0.3,56.0,76811,High
EMP0522,32,13,HR,HR Executive,Diploma,Female,Full-Time,46.9,16.6,49.9,68760,Medium
EMP0523,29,4,IT,Data Analyst,Bachelor,Female,Full-Time,36.9,4.5,72.6,89337,High
EMP0524,30,10,Operations,Supply Coordinator,Master,Male,Full-Time,45.9,5.7,65.6,79088,High
EMP0525,37,14,Operations,Supply Coordinator,High School,Male,Part-Time,42.2,4.0,60.6,63804,Medium
EMP0526,58,38,Sales,Sales Manager,Bachelor,Female,Full-Time,28.0,0.6,81.6,168186,Very High
EMP0527,27,3,HR,HR Manager,Bachelor,Female,Full-Time,38.6,8.8,74.2,68763,Medium
EMP0528,33,6,HR,HR Executive,Bachelor,Female,Full-Time,44.0,8.3,62.2,72389,High
EMP0529,60,34,Sales,Sales Executive,Master,Male,Full-Time,39.6,2.2,72.7,166161,Very High
EMP0530,29,10,Sales,Sales Executive,Bachelor,Male,Part-Time,26.7,2.2,65.0,71200,High
EMP0531,47,25,IT,System Administrator,Bachelor,Male,Part-Time,49.9,10.9,71.7,123439,Very High
EMP0532,22,0,Sales,Sales Executive,Master,Male,Full-Time,43.0,0.5,78.4,92659,High
EMP0533,25,4,Marketing,Marketing Manager,Diploma,Female,Full-Time,44.7,12.8,58.1,69485,Medium
EMP0534,49,28,HR,HR Executive,Bachelor,Female,Full-Time,39.2,1.8,71.0,117336,Very High
EMP0535,57,36,IT,Data Analyst,Bachelor,Male,Full-Time,45.2,5.4,75.4,152362,Very High
EMP0536,58,39,Marketing,Marketing Manager,Bachelor,Male,Full-Time,53.0,16.5,79.2,175515,Very High
EMP0537,39,18,IT,System Administrator,PhD,Male,Full-Time,37.6,6.8,78.8,139746,Very High
EMP0538,28,10,Finance,Financial Analyst,Master,Male,Full-Time,52.0,3.2,98.5,137379,Very High
EMP0539,21,0,IT,System Administrator,Bachelor,Female,Full-Time,44.4,7.0,77.8,90193,High
EMP0540,42,24,Finance,Finance Manager,Master,Female,Contract,36.8,2.5,84.8,141113,Very High
EMP0541,37,10,Marketing,SEO Specialist,Diploma,Male,Full-Time,55.3,1.9,71.0,85931,High
EMP0542,27,4,Sales,Sales Manager,High School,Female,Part-Time,44.3,34.3,56.1,47181,Medium
EMP0543,45,27,IT,Software Engineer,Bachelor,Female,Full-Time,46.1,8.3,71.2,134698,Very High
EMP0544,24,1,Operations,Operations Manager,Bachelor,Female,Full-Time,40.4,6.2,62.8,61359,Medium
EMP0545,56,29,Operations,Operations Executive,Bachelor,Male,Full-Time,37.2,2.6,83.6,134615,Very High
EMP0546,26,1,Operations,Operations Executive,Bachelor,Female,Full-Time,43.0,0.3,52.4,53005,Medium
EMP0547,51,32,IT,Software Engineer,Master,Male,Full-Time,51.5,0.2,87.1,153975,Very High
EMP0548,39,20,HR,HR Manager,Bachelor,Male,Full-Time,40.1,4.8,74.9,120322,Very High
EMP0549,59,38,Operations,Operations Manager,Bachelor,Male,Contract,41.8,8.6,89.0,140464,Very High
EMP0550,47,27,Marketing,Marketing Executive,High School,Male,Full-Time,50.7,4.6,69.4,122893,Very High
EMP0551,30,9,IT,Data Analyst,High School,Male,Full-Time,40.2,11.0,61.8,69169,Medium
EMP0552,46,22,IT,Software Engineer,Bachelor,Male,Contract,45.1,0.2,72.6,124217,Very High
EMP0553,39,21,HR,Recruiter,Bachelor,Male,Full-Time,47.3,2.7,71.7,110842,Very High
EMP0554,59,36,Operations,Operations Manager,Master,Female,Full-Time,40.8,1.6,90.4,174089,Very High
EMP0555,23,3,Sales,Sales Executive,Diploma,Female,Full-Time,43.9,3.6,81.8,71906,High
EMP0556,33,6,HR,HR Manager,High School,Male,Part-Time,46.0,0.5,96.3,50838,Medium
EMP0557,48,24,IT,Data Analyst,Bachelor,Female,Contract,39.6,18.5,69.3,121739,Very High
EMP0558,40,13,Sales,Business Development,Bachelor,Female,Contract,46.9,1.5,35.0,81968,High
EMP0559,48,29,Operations,Supply Coordinator,High School,Female,Full-Time,38.7,15.3,72.0,120076,Very High
EMP0560,28,9,Finance,Financial Analyst,Master,Male,Part-Time,37.9,3.3,76.5,97601,High
EMP0561,59,38,Marketing,Marketing Executive,Diploma,Female,Full-Time,32.8,25.4,86.3,146854,Very High
EMP0562,21,3,Operations,Operations Executive,Bachelor,Female,Full-Time,39.0,4.8,75.7,66251,Medium
EMP0563,23,3,IT,Data Analyst,Bachelor,Female,Full-Time,37.1,16.0,64.4,73142,High
EMP0564,33,7,Sales,Sales Executive,Diploma,Male,Full-Time,39.6,0.0,94.3,83795,High
EMP0565,48,24,Finance,Financial Analyst,Bachelor,Male,Contract,45.7,8.3,64.4,114670,Very High
EMP0566,45,21,Marketing,SEO Specialist,Master,Female,Contract,31.6,14.0,71.9,138208,Very High
EMP0567,53,32,Sales,Sales Manager,Bachelor,Male,Full-Time,30.2,0.9,66.9,147601,Very High
EMP0568,58,39,Sales,Sales Executive,Master,Male,Full-Time,37.5,0.6,81.9,176272,Very High
EMP0569,26,5,Marketing,Marketing Executive,Diploma,Male,Full-Time,44.8,3.3,91.8,83252,High
EMP0570,52,29,Finance,Financial Analyst,Master,Female,Part-Time,43.7,16.3,75.1,139183,Very High
EMP0571,41,21,Operations,Operations Executive,Bachelor,Female,Full-Time,37.4,4.7,74.9,116550,Very High
EMP0572,36,18,Sales,Business Development,Bachelor,Male,Full-Time,49.0,4.5,55.5,105168,Very High
EMP0573,41,16,IT,System Administrator,Bachelor,Female,Full-Time,38.0,0.9,72.4,111821,Very High
EMP0574,31,9,Sales,Sales Executive,Master,Male,Full-Time,44.8,0.0,88.1,92992,High
EMP0575,57,35,Marketing,Marketing Manager,Bachelor,Female,Full-Time,39.8,10.0,76.2,144086,Very High
EMP0576,56,35,Finance,Accountant,High School,Female,Contract,36.8,0.5,76.9,135233,Very High
EMP0577,55,32,Operations,Supply Coordinator,High School,Female,Full-Time,38.4,6.0,92.4,129497,Very High
EMP0578,39,19,Operations,Supply Coordinator,Master,Female,Full-Time,46.4,14.8,70.8,116687,Very High
EMP0579,40,14,Finance,Financial Analyst,Bachelor,Male,Full-Time,44.2,1.4,90.8,112685,Very High
EMP0580,38,16,Operations,Supply Coordinator,Master,Female,Full-Time,47.8,6.6,59.6,115433,Very High
EMP0581,34,14,IT,System Administrator,Bachelor,Male,Contract,44.2,0.5,83.6,108155,Very High
EMP0582,35,17,IT,System Administrator,Bachelor,Female,Full-Time,32.3,5.6,95.2,126917,Very High
EMP0583,51,24,IT,System Administrator,High School,Female,Full-Time,54.7,1.1,89.9,130586,Very High
EMP0584,21,0,Operations,Operations Manager,PhD,Female,Full-Time,44.3,8.0,48.4,81842,High
EMP0585,23,4,Sales,Sales Executive,Bachelor,Male,Full-Time,45.1,2.2,65.0,80227,High
EMP0586,36,16,IT,Software Engineer,Master,Female,Full-Time,39.7,3.7,72.5,111350,Very High
EMP0587,43,25,HR,Recruiter,Bachelor,Male,Full-Time,48.7,5.5,89.5,124635,Very High
EMP0588,31,5,Sales,Business Development,Bachelor,Male,Full-Time,35.4,1.1,57.1,72472,High
EMP0589,32,7,IT,Data Analyst,Bachelor,Female,Full-Time,45.7,8.1,60.3,98224,High
EMP0590,30,11,Operations,Supply Coordinator,Bachelor,Male,Full-Time,29.5,2.2,55.2,87880,High
EMP0591,52,27,Marketing,SEO Specialist,Master,Female,Full-Time,46.1,6.5,67.9,128824,Very High
EMP0592,36,10,Sales,Sales Executive,Master,Male,Full-Time,35.5,1.0,59.3,103917,Very High
EMP0593,28,10,Operations,Operations Executive,Master,Male,Full-Time,43.7,7.0,92.6,114778,Very High
EMP0594,58,36,HR,HR Executive,Master,Female,Part-Time,50.1,0.8,73.1,144157,Very High
EMP0595,32,7,Operations,Supply Coordinator,Bachelor,Female,Contract,46.9,3.3,81.5,85757,High
EMP0596,44,25,Sales,Business Development,Bachelor,Male,Full-Time,49.3,1.7,78.2,109900,Very High
EMP0597,48,27,Sales,Sales Manager,PhD,Female,Full-Time,48.7,8.3,77.6,137665,Very High
EMP0598,28,4,IT,Data Analyst,High School,Male,Full-Time,38.9,1.8,65.6,64509,Medium
EMP0599,48,28,Operations,Operations Executive,Master,Female,Full-Time,45.6,12.8,86.3,146848,Very High
EMP0600,56,34,HR,HR Manager,Master,Male,Part-Time,31.7,13.3,80.4,153665,Very High
EMP0601,46,21,IT,Data Analyst,Bachelor,Female,Full-Time,37.9,1.3,78.2,116685,Very High
EMP0602,28,1,IT,System Administrator,PhD,Female,Full-Time,50.4,5.7,64.3,94729,High
EMP0603,48,28,Sales,Business Development,Bachelor,Female,Part-Time,39.7,0.6,73.8,120050,Very High
EMP0604,48,27,Sales,Sales Executive,Bachelor,Male,Part-Time,30.8,3.0,85.4,117844,Very High
EMP0605,57,31,Marketing,Marketing Executive,High School,Female,Full-Time,54.1,7.5,81.4,125846,Very High
EMP0606,56,32,Operations,Supply Coordinator,Bachelor,Female,Full-Time,45.4,6.5,80.5,137625,Very High
EMP0607,47,29,IT,System Administrator,Bachelor,Female,Full-Time,46.6,5.9,69.3,148259,Very High
EMP0608,37,16,Marketing,Marketing Manager,Bachelor,Male,Full-Time,36.1,2.0,99.0,120663,Very High
EMP0609,29,8,IT,System Administrator,Master,Female,Contract,43.7,2.8,67.8,99494,High
EMP0610,53,27,Operations,Operations Executive,Master,Female,Part-Time,43.5,0.7,78.3,139386,Very High
EMP0611,40,17,Marketing,SEO Specialist,Diploma,Male,Full-Time,37.1,7.6,72.9,103478,Very High
EMP0612,33,7,Sales,Sales Executive,Bachelor,Male,Full-Time,41.0,4.2,96.6,102287,Very High
EMP0613,48,25,Marketing,SEO Specialist,Master,Female,Part-Time,33.0,7.4,73.7,116771,Very High
EMP0614,49,26,Finance,Finance Manager,High School,Male,Full-Time,39.9,1.7,73.7,116419,Very High
EMP0615,33,11,HR,Recruiter,Diploma,Female,Full-Time,47.8,2.4,75.8,81079,High
EMP0616,55,33,Operations,Operations Executive,Diploma,Female,Full-Time,37.5,2.4,71.6,133053,Very High
EMP0617,26,7,HR,HR Executive,Bachelor,Female,Full-Time,53.4,0.2,75.1,83104,High
EMP0618,38,13,Finance,Finance Manager,Diploma,Male,Full-Time,33.4,2.5,100.0,107869,Very High
EMP0619,25,0,HR,HR Executive,PhD,Male,Full-Time,40.4,9.8,74.1,105747,Very High
EMP0620,45,27,Operations,Supply Coordinator,Bachelor,Female,Full-Time,38.1,13.7,79.9,134414,Very High
EMP0621,22,0,Finance,Financial Analyst,Bachelor,Male,Full-Time,40.9,4.4,62.7,66341,Medium
EMP0622,30,8,IT,Software Engineer,Bachelor,Female,Full-Time,50.2,3.6,94.0,101477,Very High
EMP0623,50,31,Marketing,Marketing Manager,Bachelor,Male,Full-Time,36.1,0.2,100.0,156735,Very High
EMP0624,25,6,Operations,Operations Manager,Bachelor,Male,Full-Time,39.3,12.7,81.8,89303,High
EMP0625,53,30,IT,Software Engineer,Master,Male,Part-Time,45.9,0.1,87.3,156997,Very High
EMP0626,21,0,IT,Data Analyst,Master,Female,Full-Time,42.6,17.4,66.6,82931,High
EMP0627,38,20,IT,Software Engineer,Bachelor,Female,Full-Time,43.1,4.0,81.1,118403,Very High
EMP0628,52,29,Finance,Financial Analyst,Master,Male,Full-Time,36.2,2.5,68.9,143036,Very High
EMP0629,31,5,HR,HR Executive,Master,Male,Part-Time,41.6,15.5,57.4,68276,Medium
EMP0630,41,16,Marketing,Marketing Executive,Master,Male,Full-Time,48.8,0.1,58.1,103092,Very High
EMP0631,46,23,Sales,Sales Manager,High School,Male,Full-Time,32.3,5.2,81.9,116331,Very High
EMP0632,45,25,Sales,Sales Manager,High School,Male,Full-Time,37.8,4.8,61.0,113537,Very High
EMP0633,42,17,Finance,Financial Analyst,Bachelor,Female,Full-Time,31.1,1.5,70.0,119271,Very High
EMP0634,47,21,Operations,Operations Executive,Bachelor,Male,Full-Time,45.2,3.4,76.0,102478,Very High
EMP0635,33,15,HR,Recruiter,Bachelor,Male,Full-Time,49.4,6.3,86.7,97736,High
EMP0636,53,27,Operations,Supply Coordinator,Bachelor,Male,Full-Time,40.9,7.8,70.6,131749,Very High
EMP0637,54,31,Sales,Business Development,Master,Female,Full-Time,36.0,0.0,93.1,159069,Very High
EMP0638,55,32,IT,Data Analyst,Master,Male,Full-Time,36.1,16.6,88.8,164794,Very High
EMP0639,21,0,Sales,Sales Executive,Master,Male,Full-Time,40.2,1.1,59.0,86497,High
EMP0640,41,23,Finance,Financial Analyst,Bachelor,Female,Full-Time,40.2,1.6,91.0,123380,Very High
EMP0641,26,0,Sales,Business Development,Master,Female,Full-Time,47.5,1.8,68.3,75804,High
EMP0642,48,23,IT,System Administrator,Bachelor,Male,Full-Time,38.0,0.2,71.7,120769,Very High
EMP0643,37,18,IT,Data Analyst,Diploma,Male,Full-Time,44.6,0.8,73.0,96060,High
EMP0644,25,7,Operations,Supply Coordinator,Diploma,Female,Full-Time,40.2,25.8,69.8,76760,High
EMP0645,51,32,IT,Data Analyst,Bachelor,Male,Part-Time,37.5,2.3,74.7,130885,Very High
EMP0646,25,7,Operations,Supply Coordinator,Bachelor,Female,Contract,40.0,0.7,63.6,69530,Medium
EMP0647,58,40,Finance,Finance Manager,Master,Female,Full-Time,44.0,0.7,72.9,167121,Very High
EMP0648,23,0,Sales,Business Development,Diploma,Male,Full-Time,47.5,7.6,72.5,64251,Medium
EMP0649,43,25,Sales,Sales Executive,Master,Male,Full-Time,40.5,11.6,74.6,132520,Very High
EMP0650,57,36,Sales,Sales Executive,Bachelor,Male,Part-Time,34.8,1.8,87.1,143236,Very High
EMP0651,57,30,Finance,Financial Analyst,Bachelor,Female,Full-Time,48.0,0.1,80.1,145249,Very High
EMP0652,30,7,IT,System Administrator,Bachelor,Male,Full-Time,36.6,1.5,74.4,90378,High
EMP0653,30,6,IT,Data Analyst,Bachelor,Male,Part-Time,43.6,0.3,80.6,76873,High
EMP0654,39,20,Finance,Accountant,Bachelor,Female,Full-Time,41.9,0.7,93.9,126163,Very High
EMP0655,37,14,Sales,Sales Manager,Bachelor,Female,Part-Time,41.0,3.4,92.5,94973,High
EMP0656,41,17,Operations,Operations Manager,Diploma,Male,Full-Time,39.1,1.6,92.1,114946,Very High
EMP0657,34,7,Operations,Operations Executive,Diploma,Female,Full-Time,45.7,4.4,83.5,82853,High
EMP0658,29,2,Marketing,Marketing Executive,Bachelor,Male,Part-Time,20.5,1.8,97.3,76124,High
EMP0659,21,2,Marketing,Marketing Manager,Master,Male,Full-Time,48.8,16.9,75.2,89994,High
EMP0660,33,14,Sales,Business Development,Bachelor,Male,Full-Time,36.5,14.2,77.3,93626,High
EMP0661,24,0,Finance,Accountant,Master,Male,Full-Time,44.4,5.0,98.2,90462,High
EMP0662,21,0,Operations,Operations Executive,Bachelor,Male,Contract,44.1,2.6,38.9,50278,Medium
EMP0663,60,42,Sales,Sales Manager,Master,Male,Full-Time,49.6,2.9,79.5,183304,Very High
EMP0664,52,27,Sales,Business Development,Master,Female,Full-Time,43.2,3.2,93.3,162550,Very High
EMP0665,54,34,IT,System Administrator,Bachelor,Female,Full-Time,37.0,7.8,91.1,154296,Very High
EMP0666,48,25,HR,Recruiter,Bachelor,Female,Full-Time,32.4,3.6,100.0,131387,Very High
EMP0667,51,25,HR,HR Manager,Master,Male,Full-Time,39.9,11.7,77.8,140829,Very High
EMP0668,28,5,Operations,Operations Manager,Bachelor,Male,Full-Time,30.3,17.3,65.5,75520,High
EMP0669,59,33,Sales,Sales Executive,Bachelor,Male,Full-Time,38.2,2.5,75.9,155674,Very High
EMP0670,46,22,Finance,Accountant,High School,Female,Contract,40.2,4.9,80.6,100175,Very High
EMP0671,54,28,Operations,Operations Executive,Master,Female,Full-Time,37.9,0.6,98.4,154786,Very High
EMP0672,23,4,IT,Software Engineer,Master,Male,Full-Time,42.3,1.3,92.4,108817,Very High
EMP0673,32,7,HR,HR Manager,Diploma,Male,Full-Time,40.6,3.2,72.6,83874,High
EMP0674,21,0,IT,System Administrator,Bachelor,Male,Full-Time,40.0,1.4,74.8,77614,High
EMP0675,25,6,Marketing,Marketing Manager,Bachelor,Male,Contract,27.5,12.6,64.3,79946,High
EMP0676,50,29,Operations,Operations Manager,Diploma,Male,Full-Time,34.2,1.0,73.0,123606,Very High
EMP0677,50,26,Finance,Accountant,PhD,Female,Full-Time,45.9,3.6,90.5,156265,Very High
EMP0678,37,16,Operations,Supply Coordinator,Bachelor,Female,Full-Time,46.8,5.6,94.4,103610,Very High
EMP0679,43,22,Finance,Accountant,High School,Male,Full-Time,31.0,7.1,68.1,100145,Very High
EMP0680,35,12,Operations,Supply Coordinator,Bachelor,Male,Full-Time,37.1,2.9,77.5,92435,High
EMP0681,57,30,Marketing,SEO Specialist,Master,Female,Full-Time,48.4,12.2,74.8,149360,Very High
EMP0682,41,18,Marketing,Marketing Executive,High School,Male,Full-Time,37.7,5.0,86.1,101278,Very High
EMP0683,34,7,IT,Software Engineer,Bachelor,Male,Full-Time,41.3,3.5,68.6,91796,High
EMP0684,22,2,Operations,Supply Coordinator,Bachelor,Male,Full-Time,50.7,0.4,49.3,72299,High
EMP0685,31,5,Marketing,SEO Specialist,Diploma,Male,Full-Time,39.8,3.7,84.7,74023,High
EMP0686,59,32,Finance,Accountant,Diploma,Male,Contract,39.0,10.3,74.8,149962,Very High
EMP0687,58,39,Operations,Operations Executive,Bachelor,Female,Full-Time,41.1,5.7,78.5,160562,Very High
EMP0688,54,31,Finance,Financial Analyst,Bachelor,Male,Full-Time,53.1,10.7,83.4,144012,Very High
EMP0689,58,34,Operations,Supply Coordinator,Master,Male,Full-Time,44.7,4.1,84.1,156698,Very High
EMP0690,54,28,IT,Software Engineer,Master,Female,Full-Time,42.1,0.8,84.4,147083,Very High
EMP0691,38,18,Marketing,Marketing Manager,PhD,Male,Full-Time,38.9,0.1,56.9,127335,Very High
EMP0692,50,23,Sales,Sales Executive,Bachelor,Female,Contract,45.2,2.2,84.1,104904,Very High
EMP0693,35,15,IT,Software Engineer,PhD,Female,Full-Time,46.0,7.2,51.8,135920,Very High
EMP0694,47,23,IT,Data Analyst,Bachelor,Male,Contract,35.6,9.4,85.6,106844,Very High
EMP0695,54,33,IT,Software Engineer,Bachelor,Female,Full-Time,46.1,2.1,93.4,156582,Very High
EMP0696,58,33,HR,HR Executive,High School,Male,Full-Time,41.1,4.1,63.2,117712,Very High
EMP0697,53,29,Finance,Finance Manager,High School,Female,Contract,42.1,3.3,82.7,120837,Very High
EMP0698,44,22,Sales,Sales Executive,Master,Male,Full-Time,36.7,3.2,89.7,132790,Very High
EMP0699,35,11,Finance,Finance Manager,Bachelor,Female,Contract,39.6,1.6,69.1,104864,Very High
EMP0700,50,30,Finance,Financial Analyst,Bachelor,Female,Full-Time,35.8,0.9,87.4,136867,Very High
EMP0701,37,18,Marketing,Marketing Executive,Bachelor,Male,Contract,35.5,1.3,42.9,99015,High
EMP0702,25,2,IT,System Administrator,Bachelor,Male,Full-Time,44.3,0.3,85.6,93483,High
EMP0703,49,30,Operations,Operations Manager,Bachelor,Female,Full-Time,39.9,1.3,79.7,119526,Very High
EMP0704,24,4,Operations,Supply Coordinator,Bachelor,Female,Full-Time,34.2,0.1,69.9,70958,High
EMP0705,30,7,Sales,Business Development,Master,Male,Full-Time,55.1,5.9,84.7,112436,Very High
EMP0706,37,15,Sales,Business Development,Master,Female,Full-Time,35.3,2.3,96.2,114467,Very High
EMP0707,30,5,Operations,Operations Manager,Bachelor,Male,Full-Time,48.6,21.7,75.8,87918,High
EMP0708,37,11,IT,Software Engineer,Bachelor,Male,Full-Time,33.1,1.3,93.9,107940,Very High
EMP0709,40,20,IT,System Administrator,Bachelor,Male,Full-Time,44.7,2.5,58.0,114872,Very High
EMP0710,44,17,IT,System Administrator,Master,Male,Part-Time,40.5,2.7,83.8,117216,Very High
EMP0711,25,5,Marketing,SEO Specialist,Bachelor,Female,Full-Time,38.2,0.1,71.7,81493,High
EMP0712,54,34,IT,System Administrator,Bachelor,Male,Full-Time,43.2,11.0,69.4,143401,Very High
EMP0713,26,3,Sales,Sales Executive,Diploma,Female,Full-Time,42.4,0.2,49.6,61137,Medium
EMP0714,22,4,Operations,Operations Manager,Bachelor,Male,Full-Time,37.1,16.9,77.8,80624,High
EMP0715,33,9,Operations,Operations Executive,Bachelor,Male,Full-Time,36.9,13.4,82.7,91983,High
EMP0716,31,13,Sales,Sales Executive,Master,Male,Full-Time,32.6,4.6,90.7,119790,Very High
EMP0717,43,21,IT,Data Analyst,Bachelor,Male,Contract,43.8,4.7,90.7,118914,Very High
EMP0718,36,9,Operations,Supply Coordinator,Bachelor,Male,Part-Time,34.5,6.4,64.0,75626,High
EMP0719,51,26,Sales,Sales Executive,Master,Male,Full-Time,42.0,2.9,93.6,147845,Very High
EMP0720,31,10,IT,Software Engineer,Master,Female,Full-Time,45.6,6.3,90.3,105540,Very High
EMP0721,36,14,IT,Software Engineer,Bachelor,Male,Full-Time,43.2,0.3,72.3,103385,Very High
EMP0722,28,7,Operations,Operations Executive,Bachelor,Male,Full-Time,37.7,0.3,74.0,77031,High
EMP0723,24,3,Sales,Sales Manager,Bachelor,Male,Full-Time,47.5,3.7,61.0,66591,Medium
EMP0724,60,35,Operations,Operations Manager,Master,Female,Full-Time,39.6,4.8,97.8,161895,Very High
EMP0725,24,5,Operations,Operations Executive,Diploma,Female,Full-Time,34.0,13.1,53.1,69879,Medium
EMP0726,45,27,Sales,Business Development,Master,Male,Full-Time,40.3,0.7,85.1,141797,Very High
EMP0727,23,3,Sales,Sales Executive,Master,Male,Full-Time,45.5,10.4,64.0,87575,High
EMP0728,52,26,HR,HR Manager,Bachelor,Male,Contract,38.0,1.4,65.0,116378,Very High
EMP0729,23,2,Finance,Financial Analyst,High School,Female,Full-Time,47.3,3.0,49.6,54307,Medium
EMP0730,47,20,HR,HR Manager,Bachelor,Male,Part-Time,37.4,2.3,74.1,95521,High
EMP0731,49,27,Marketing,Marketing Executive,Bachelor,Male,Contract,38.2,3.1,63.1,125539,Very High
EMP0732,52,33,Sales,Business Development,Diploma,Male,Full-Time,35.7,1.0,80.8,140929,Very High
EMP0733,39,18,Operations,Operations Executive,Bachelor,Male,Full-Time,46.1,4.2,97.1,119427,Very High
EMP0734,41,22,HR,HR Executive,PhD,Male,Full-Time,41.7,9.7,78.4,150747,Very High
EMP0735,25,6,Sales,Business Development,Bachelor,Female,Contract,36.1,3.5,96.9,90160,High
EMP0736,38,17,Sales,Sales Manager,Master,Male,Contract,39.6,4.0,63.9,98320,High
EMP0737,48,25,Sales,Business Development,High School,Female,Full-Time,23.6,11.3,61.2,113314,Very High
EMP0738,42,18,Marketing,SEO Specialist,Bachelor,Male,Full-Time,46.7,7.3,63.1,100358,Very High
EMP0739,41,14,IT,Software Engineer,Diploma,Male,Part-Time,41.0,4.0,74.1,101407,Very High
EMP0740,26,6,Sales,Business Development,Bachelor,Female,Full-Time,27.6,1.8,100.0,95995,High
EMP0741,21,1,IT,System Administrator,Master,Male,Part-Time,33.3,13.0,50.4,65658,Medium
EMP0742,25,0,Finance,Finance Manager,Bachelor,Female,Contract,39.5,5.2,78.7,74511,High
EMP0743,32,9,HR,Recruiter,High School,Female,Full-Time,34.1,1.5,65.6,74396,High
EMP0744,46,26,Sales,Sales Manager,Bachelor,Male,Full-Time,46.8,1.9,75.5,116599,Very High
EMP0745,54,35,Operations,Operations Executive,Bachelor,Female,Full-Time,44.5,9.8,64.2,147511,Very High
EMP0746,34,9,Sales,Sales Manager,Bachelor,Male,Full-Time,44.2,0.3,84.8,91641,High
EMP0747,46,24,Marketing,SEO Specialist,Master,Female,Full-Time,26.4,29.0,73.1,143329,Very High
EMP0748,47,29,Sales,Sales Executive,Master,Male,Full-Time,38.8,0.8,92.2,152199,Very High
EMP0749,29,9,Sales,Business Development,Bachelor,Female,Contract,37.8,9.5,74.9,96090,High
EMP0750,46,19,IT,System Administrator,Bachelor,Male,Contract,36.3,3.0,53.1,109359,Very High
EMP0751,42,17,Finance,Financial Analyst,Bachelor,Male,Full-Time,39.5,4.1,88.8,123299,Very High
EMP0752,50,29,Finance,Finance Manager,Diploma,Female,Part-Time,35.2,12.8,53.2,107977,Very High
EMP0753,37,13,HR,Recruiter,Bachelor,Female,Full-Time,43.3,3.2,52.3,90376,High
EMP0754,46,19,IT,Software Engineer,Bachelor,Female,Full-Time,46.6,4.6,65.1,103501,Very High
EMP0755,56,37,IT,Software Engineer,Bachelor,Female,Full-Time,46.1,0.3,70.4,156151,Very High
EMP0756,21,0,Finance,Financial Analyst,Bachelor,Female,Full-Time,41.2,0.0,88.8,68688,Medium
EMP0757,28,6,Operations,Supply Coordinator,High School,Male,Contract,54.0,1.7,71.2,57119,Medium
EMP0758,55,33,Finance,Financial Analyst,Bachelor,Male,Full-Time,48.8,6.8,94.2,147334,Very High
EMP0759,35,12,HR,HR Executive,Diploma,Male,Full-Time,41.4,0.8,68.1,89858,High
EMP0760,42,16,IT,Software Engineer,Diploma,Male,Full-Time,39.1,0.7,79.7,107063,Very High
EMP0761,34,11,Sales,Business Development,Master,Male,Full-Time,50.0,3.2,80.0,109420,Very High
EMP0762,46,21,Finance,Accountant,High School,Female,Full-Time,48.0,6.3,84.7,112623,Very High
EMP0763,48,24,IT,Software Engineer,Bachelor,Male,Full-Time,33.5,7.5,71.3,136320,Very High
EMP0764,43,17,Sales,Sales Manager,Diploma,Female,Full-Time,48.5,1.2,71.5,101453,Very High
EMP0765,34,13,IT,System Administrator,Master,Male,Full-Time,41.1,0.5,71.6,118402,Very High
EMP0766,44,25,IT,System Administrator,Bachelor,Male,Part-Time,36.8,16.9,55.9,108573,Very High
EMP0767,22,0,IT,System Administrator,Bachelor,Male,Full-Time,30.1,1.8,70.7,83791,High
EMP0768,46,23,IT,System Administrator,Bachelor,Female,Full-Time,40.4,11.5,71.4,135161,Very High
EMP0769,34,16,IT,Data Analyst,Master,Female,Full-Time,41.9,11.9,81.2,126362,Very High
EMP0770,27,1,Finance,Financial Analyst,PhD,Female,Full-Time,51.5,8.9,72.0,96310,High
EMP0771,23,0,Marketing,Marketing Manager,Bachelor,Male,Full-Time,47.7,1.1,87.9,62453,Medium
EMP0772,43,24,Sales,Business Development,Master,Female,Full-Time,38.5,10.3,77.3,130775,Very High
EMP0773,38,18,Sales,Sales Manager,Master,Male,Contract,44.3,8.8,68.4,100370,Very High
EMP0774,58,36,Finance,Accountant,Master,Male,Full-Time,47.0,5.4,80.9,161141,Very High
EMP0775,55,33,Operations,Supply Coordinator,Bachelor,Male,Part-Time,42.5,2.5,88.6,135109,Very High
EMP0776,35,17,Finance,Financial Analyst,Bachelor,Male,Contract,38.5,1.8,54.7,99192,High
EMP0777,45,20,IT,Software Engineer,Bachelor,Male,Full-Time,38.8,0.8,68.3,135168,Very High
EMP0778,57,32,Sales,Business Development,Master,Female,Full-Time,44.3,4.3,71.0,149653,Very High
EMP0779,48,27,IT,Data Analyst,Bachelor,Female,Full-Time,44.5,5.3,82.9,136271,Very High
EMP0780,30,6,Finance,Finance Manager,Bachelor,Male,Contract,40.2,2.7,79.4,91429,High
EMP0781,59,32,Sales,Business Development,Bachelor,Male,Contract,26.3,3.9,80.6,125121,Very High
EMP0782,37,17,Operations,Operations Manager,Master,Male,Full-Time,34.3,2.7,46.1,97163,High
EMP0783,59,36,HR,HR Manager,Master,Male,Part-Time,45.7,6.1,60.3,144952,Very High
EMP0784,42,15,Marketing,Marketing Manager,Diploma,Female,Full-Time,29.2,13.9,70.8,93412,High
EMP0785,46,19,Operations,Supply Coordinator,Master,Male,Contract,49.1,1.1,70.6,114303,Very High
EMP0786,45,19,IT,Data Analyst,Bachelor,Female,Contract,48.2,2.9,76.4,107980,Very High
EMP0787,37,19,Finance,Financial Analyst,Master,Male,Full-Time,42.2,0.9,71.0,128328,Very High
EMP0788,33,11,Finance,Financial Analyst,Bachelor,Female,Full-Time,45.6,5.9,92.2,98814,High
EMP0789,40,19,HR,Recruiter,Bachelor,Male,Full-Time,45.2,7.8,48.1,100144,Very High
EMP0790,45,20,HR,HR Executive,Master,Female,Full-Time,41.3,16.1,78.2,116261,Very High
EMP0791,24,6,Operations,Supply Coordinator,Bachelor,Male,Part-Time,33.8,2.0,83.1,70008,High
EMP0792,30,4,Marketing,Marketing Executive,Master,Female,Full-Time,47.8,18.0,78.7,105519,Very High
EMP0793,23,0,Sales,Business Development,Bachelor,Male,Full-Time,50.4,0.4,81.4,70515,High
EMP0794,38,17,Finance,Financial Analyst,Bachelor,Male,Full-Time,34.7,5.5,86.6,114788,Very High
EMP0795,56,30,Operations,Operations Manager,Bachelor,Female,Contract,33.5,0.4,72.2,126852,Very High
EMP0796,42,20,Operations,Operations Executive,Bachelor,Female,Full-Time,41.2,13.5,61.8,108852,Very High
EMP0797,54,32,Operations,Operations Executive,Bachelor,Female,Full-Time,38.2,4.5,54.9,134892,Very High
EMP0798,28,6,IT,Software Engineer,High School,Female,Full-Time,42.9,6.6,68.2,79871,High
EMP0799,60,42,Sales,Sales Manager,Bachelor,Female,Contract,49.2,10.7,71.6,159415,Very High
EMP0800,39,21,IT,Software Engineer,High School,Male,Part-Time,28.5,1.0,91.0,104784,Very High
EMP0801,57,32,Finance,Accountant,PhD,Male,Full-Time,51.5,0.2,76.5,170877,Very High
EMP0802,26,1,IT,System Administrator,PhD,Male,Full-Time,39.6,12.7,58.0,97002,High
EMP0803,46,23,Sales,Sales Executive,Bachelor,Female,Full-Time,45.1,2.3,63.1,104998,Very High
EMP0804,54,33,Sales,Sales Manager,Master,Male,Full-Time,45.7,0.8,100.0,183014,Very High
EMP0805,26,7,IT,Data Analyst,Bachelor,Male,Full-Time,46.4,3.8,72.9,97012,High
EMP0806,57,38,Finance,Financial Analyst,Bachelor,Female,Contract,42.4,5.5,71.3,144700,Very High
EMP0807,53,27,HR,HR Manager,Master,Female,Full-Time,43.8,0.2,80.2,142080,Very High
EMP0808,42,20,Finance,Accountant,Master,Male,Part-Time,43.7,1.9,99.5,116402,Very High
EMP0809,41,20,IT,Software Engineer,Bachelor,Male,Full-Time,38.2,0.2,72.3,116846,Very High
EMP0810,26,0,HR,HR Manager,Master,Male,Full-Time,31.5,3.3,79.7,70521,High
EMP0811,26,8,Marketing,SEO Specialist,Bachelor,Male,Full-Time,34.7,13.5,86.2,90412,High
EMP0812,24,0,IT,Data Analyst,PhD,Male,Full-Time,41.4,24.3,45.7,80926,High
EMP0813,50,30,IT,System Administrator,High School,Female,Full-Time,37.3,6.1,70.9,134534,Very High
EMP0814,31,8,Finance,Finance Manager,Bachelor,Female,Full-Time,37.3,1.1,86.6,100686,Very High
EMP0815,50,28,Operations,Operations Executive,Bachelor,Female,Full-Time,52.8,14.2,68.5,121786,Very High
EMP0816,51,29,Sales,Sales Executive,Master,Male,Full-Time,47.2,4.4,83.6,151186,Very High
EMP0817,44,22,Sales,Sales Manager,Diploma,Female,Full-Time,40.5,1.0,68.2,105110,Very High
EMP0818,29,11,Finance,Finance Manager,Master,Male,Contract,46.0,15.3,67.1,106267,Very High
EMP0819,23,5,Sales,Business Development,Diploma,Male,Full-Time,39.5,8.5,65.2,68000,Medium
EMP0820,51,31,IT,System Administrator,Bachelor,Female,Part-Time,42.7,7.9,86.2,141893,Very High
EMP0821,60,33,Sales,Sales Manager,Bachelor,Male,Full-Time,44.6,7.4,81.6,133479,Very High
EMP0822,57,36,Operations,Supply Coordinator,Bachelor,Male,Part-Time,39.5,1.3,82.0,129865,Very High
EMP0823,56,34,Sales,Business Development,Bachelor,Female,Full-Time,37.9,1.4,100.0,147038,Very High
EMP0824,44,25,Operations,Operations Manager,Bachelor,Male,Contract,49.3,7.0,98.1,127758,Very High
EMP0825,51,26,Marketing,Marketing Executive,Diploma,Female,Full-Time,45.7,1.5,54.5,117161,Very High
EMP0826,26,7,IT,Software Engineer,Diploma,Male,Full-Time,28.5,3.5,67.9,86129,High
EMP0827,22,0,Operations,Operations Manager,Bachelor,Female,Full-Time,38.0,9.1,99.8,73367,High
EMP0828,40,21,IT,System Administrator,Master,Male,Full-Time,37.3,9.2,69.0,113784,Very High
EMP0829,48,22,Sales,Sales Manager,Master,Male,Full-Time,38.3,3.6,100.0,140671,Very High
EMP0830,31,7,IT,Software Engineer,Diploma,Female,Full-Time,47.2,9.4,67.2,89436,High
EMP0831,24,0,IT,Software Engineer,Bachelor,Male,Full-Time,42.1,10.9,67.6,93424,High
EMP0832,35,16,HR,Recruiter,Diploma,Male,Part-Time,33.7,6.4,85.4,84119,High
EMP0833,26,2,Finance,Accountant,High School,Male,Full-Time,39.7,1.6,71.2,62663,Medium
EMP0834,50,27,HR,HR Executive,Bachelor,Male,Full-Time,45.3,1.9,84.4,132182,Very High
EMP0835,58,37,Sales,Sales Manager,Bachelor,Male,Full-Time,40.7,2.3,99.8,159537,Very High
EMP0836,22,0,IT,Software Engineer,Diploma,Male,Full-Time,38.1,0.7,81.0,82278,High
EMP0837,35,14,IT,Data Analyst,Bachelor,Female,Full-Time,44.0,1.9,76.9,103058,Very High
EMP0838,31,12,Sales,Sales Manager,High School,Male,Full-Time,51.7,1.4,94.9,92873,High
EMP0839,28,1,Finance,Accountant,Master,Male,Contract,44.8,3.6,82.2,92103,High
EMP0840,46,22,Marketing,Marketing Executive,PhD,Male,Part-Time,49.8,14.3,66.6,128869,Very High
EMP0841,25,0,Sales,Sales Manager,Diploma,Male,Part-Time,38.5,0.7,95.7,67623,Medium
EMP0842,26,7,Operations,Operations Executive,Bachelor,Female,Full-Time,41.9,7.6,80.3,82449,High
EMP0843,46,24,Sales,Sales Executive,Master,Male,Full-Time,41.8,7.0,74.4,144683,Very High
EMP0844,24,6,HR,Recruiter,Master,Female,Full-Time,42.7,0.6,49.2,71773,High
EMP0845,39,15,Sales,Sales Manager,Bachelor,Male,Full-Time,44.6,15.4,56.9,86548,High
EMP0846,40,15,Finance,Financial Analyst,High School,Female,Full-Time,36.5,5.0,95.4,113343,Very High
EMP0847,53,30,Finance,Financial Analyst,High School,Female,Full-Time,45.9,2.7,100.0,139051,Very High
EMP0848,40,18,Marketing,Marketing Manager,Bachelor,Female,Full-Time,32.2,8.5,76.2,115716,Very High
EMP0849,32,9,HR,HR Executive,Bachelor,Female,Full-Time,34.0,1.8,52.7,79941,High
EMP0850,21,2,Marketing,Marketing Manager,High School,Male,Full-Time,54.8,7.1,58.4,57791,Medium
EMP0851,46,28,Operations,Supply Coordinator,Bachelor,Male,Full-Time,38.9,0.2,59.5,115129,Very High
EMP0852,34,10,Operations,Supply Coordinator,High School,Male,Full-Time,46.4,11.0,52.9,72327,High
EMP0853,58,34,Operations,Operations Manager,Master,Female,Full-Time,52.2,3.6,100.0,173331,Very High
EMP0854,57,30,HR,Recruiter,Bachelor,Male,Full-Time,28.1,6.1,100.0,142397,Very High
EMP0855,31,4,Finance,Financial Analyst,High School,Male,Full-Time,48.8,1.5,59.3,72330,High
EMP0856,56,37,Sales,Business Development,Bachelor,Female,Part-Time,45.9,6.8,80.1,146016,Very High
EMP0857,33,14,Finance,Accountant,Bachelor,Male,Full-Time,51.8,8.9,58.7,92256,High
EMP0858,23,5,Sales,Sales Manager,PhD,Female,Full-Time,34.9,3.8,72.5,112375,Very High
EMP0859,53,26,Marketing,SEO Specialist,Bachelor,Female,Full-Time,50.7,5.8,97.3,132059,Very High
EMP0860,26,1,Sales,Sales Manager,Bachelor,Female,Full-Time,37.6,3.7,84.6,74992,High
EMP0861,30,5,Finance,Accountant,Master,Female,Part-Time,48.3,13.5,80.9,100999,Very High
EMP0862,25,7,IT,System Administrator,Bachelor,Male,Full-Time,41.8,4.1,70.8,95361,High
EMP0863,43,18,HR,HR Manager,Master,Male,Full-Time,46.6,11.1,90.0,119630,Very High
EMP0864,30,4,IT,System Administrator,Bachelor,Male,Part-Time,42.3,9.7,79.3,75007,High
EMP0865,22,1,Operations,Supply Coordinator,Bachelor,Male,Full-Time,31.0,3.2,76.6,71266,High
EMP0866,33,15,Finance,Financial Analyst,High School,Female,Full-Time,23.3,1.6,74.1,108738,Very High
EMP0867,60,42,IT,System Administrator,Bachelor,Female,Full-Time,43.3,3.1,85.9,173741,Very High
EMP0868,22,2,IT,Data Analyst,Master,Male,Full-Time,40.4,10.5,74.4,108896,Very High
EMP0869,40,18,Sales,Business Development,Master,Male,Full-Time,44.4,1.5,69.8,111953,Very High
EMP0870,21,0,Sales,Sales Executive,Bachelor,Female,Full-Time,40.5,4.5,62.0,66474,Medium
EMP0871,57,31,Finance,Accountant,Bachelor,Male,Contract,54.1,9.8,66.3,129065,Very High
EMP0872,29,2,IT,System Administrator,Master,Male,Full-Time,43.4,2.6,60.9,85251,High
EMP0873,37,18,HR,HR Manager,Master,Male,Full-Time,39.3,6.2,73.3,114943,Very High
EMP0874,29,10,Finance,Finance Manager,Diploma,Female,Full-Time,44.0,1.7,70.0,83521,High
EMP0875,31,8,Sales,Sales Manager,Bachelor,Female,Contract,39.4,0.7,66.4,92951,High
EMP0876,35,9,Sales,Sales Manager,Bachelor,Female,Part-Time,42.6,9.5,64.5,84333,High
EMP0877,44,26,Finance,Financial Analyst,Master,Female,Full-Time,34.7,0.6,81.9,148684,Very High
EMP0878,58,32,IT,Data Analyst,Diploma,Male,Full-Time,41.9,1.9,96.2,145750,Very High
EMP0879,55,29,Operations,Operations Manager,Bachelor,Male,Full-Time,39.1,11.6,77.4,128107,Very High
EMP0880,50,24,HR,HR Manager,Master,Female,Full-Time,35.3,2.6,76.7,137838,Very High
EMP0881,51,29,Sales,Sales Manager,High School,Male,Full-Time,53.9,21.7,64.8,123581,Very High
EMP0882,25,0,IT,System Administrator,Bachelor,Female,Full-Time,35.5,23.4,65.8,73016,High
EMP0883,34,13,HR,HR Manager,Bachelor,Female,Full-Time,42.0,1.9,89.2,104608,Very High
EMP0884,31,12,IT,Data Analyst,Bachelor,Female,Contract,37.2,0.3,87.4,109227,Very High
EMP0885,29,6,Sales,Sales Executive,Bachelor,Female,Full-Time,43.8,7.3,84.0,86522,High
EMP0886,54,33,Operations,Operations Executive,Bachelor,Female,Contract,34.4,3.6,90.9,135904,Very High
EMP0887,32,9,Finance,Accountant,Diploma,Female,Full-Time,47.0,0.6,79.4,80342,High
EMP0888,55,35,IT,Software Engineer,Bachelor,Male,Full-Time,54.2,7.4,84.5,159329,Very High
EMP0889,55,32,IT,System Administrator,Master,Male,Full-Time,37.0,0.2,82.9,177586,Very High
EMP0890,21,2,Finance,Finance Manager,Master,Male,Full-Time,49.3,12.3,65.7,79620,High
EMP0891,60,41,IT,Data Analyst,Diploma,Female,Full-Time,39.7,0.9,83.1,171981,Very High
EMP0892,42,16,IT,Software Engineer,Diploma,Male,Full-Time,51.0,0.8,78.5,102946,Very High
EMP0893,49,25,Marketing,Marketing Executive,Bachelor,Female,Full-Time,55.1,1.2,85.7,124677,Very High
EMP0894,28,8,HR,HR Manager,Bachelor,Male,Full-Time,40.6,19.4,72.3,90309,High
EMP0895,31,13,Finance,Accountant,Bachelor,Female,Full-Time,32.9,7.1,99.4,109603,Very High
EMP0896,57,32,Operations,Operations Executive,Bachelor,Male,Full-Time,47.7,9.7,64.0,136538,Very High
EMP0897,34,11,IT,Data Analyst,High School,Female,Full-Time,43.3,3.0,83.4,95994,High
EMP0898,50,26,Operations,Operations Executive,High School,Female,Full-Time,45.0,2.5,77.6,111642,Very High
EMP0899,55,29,Finance,Finance Manager,Bachelor,Male,Contract,40.0,1.6,79.0,140716,Very High
EMP0900,41,19,Operations,Supply Coordinator,Master,Male,Full-Time,36.7,3.9,66.4,118609,Very High
EMP0901,57,39,Sales,Sales Manager,Diploma,Female,Full-Time,49.0,4.8,93.3,147735,Very High
EMP0902,25,0,Operations,Supply Coordinator,Bachelor,Male,Full-Time,43.9,6.0,78.9,63368,Medium
EMP0903,39,15,Operations,Operations Executive,Bachelor,Male,Full-Time,33.3,1.8,85.5,83108,High
EMP0904,34,12,Finance,Finance Manager,Master,Female,Contract,46.1,17.8,74.4,107804,Very High
EMP0905,46,26,Operations,Operations Manager,Master,Female,Full-Time,44.9,1.1,74.4,146368,Very High
EMP0906,24,0,Finance,Accountant,Bachelor,Female,Full-Time,40.0,20.2,68.2,64540,Medium
EMP0907,45,27,Finance,Accountant,Bachelor,Male,Full-Time,51.7,0.1,83.9,140864,Very High
EMP0908,45,27,Finance,Financial Analyst,Bachelor,Male,Full-Time,38.3,3.9,54.1,129349,Very High
EMP0909,38,20,Sales,Sales Executive,Bachelor,Female,Contract,41.0,2.4,87.1,109222,Very High
EMP0910,60,40,IT,Software Engineer,Bachelor,Male,Full-Time,46.6,3.6,100.0,184756,Very High
EMP0911,28,5,Sales,Sales Executive,Master,Female,Full-Time,42.5,5.1,78.2,93461,High
EMP0912,59,32,Sales,Sales Executive,Bachelor,Male,Full-Time,33.7,3.4,76.1,156107,Very High
EMP0913,60,40,Marketing,Marketing Manager,Master,Male,Full-Time,43.1,3.2,79.6,159410,Very High
EMP0914,34,9,Operations,Operations Executive,Bachelor,Male,Full-Time,39.5,7.9,81.6,88476,High
EMP0915,52,25,HR,HR Executive,Diploma,Male,Full-Time,47.1,6.9,74.1,114883,Very High
EMP0916,58,39,Finance,Finance Manager,Master,Male,Full-Time,42.9,10.7,90.6,177226,Very High
EMP0917,53,27,Finance,Financial Analyst,Bachelor,Male,Contract,42.6,1.7,76.4,134154,Very High
EMP0918,43,23,IT,Data Analyst,Bachelor,Female,Full-Time,35.7,5.6,97.5,159512,Very High
EMP0919,35,13,IT,Software Engineer,Bachelor,Male,Full-Time,40.6,5.3,94.7,115930,Very High
EMP0920,53,26,Finance,Financial Analyst,Diploma,Female,Full-Time,47.8,2.8,74.1,125305,Very High
EMP0921,45,20,Finance,Accountant,PhD,Female,Contract,37.3,4.0,75.4,130717,Very High
EMP0922,37,18,Operations,Operations Manager,Diploma,Female,Full-Time,41.8,2.3,75.9,88934,High
EMP0923,53,30,Sales,Sales Manager,PhD,Male,Full-Time,36.4,0.9,79.3,171947,Very High
EMP0924,22,0,Finance,Accountant,PhD,Female,Full-Time,34.9,1.4,60.4,90313,High
EMP0925,34,7,Sales,Sales Executive,Master,Female,Full-Time,41.5,0.7,60.6,111839,Very High
EMP0926,60,34,IT,Data Analyst,Bachelor,Female,Full-Time,43.0,6.9,94.5,164952,Very High
EMP0927,60,38,HR,Recruiter,Bachelor,Female,Full-Time,54.0,6.5,93.6,159751,Very High
EMP0928,59,40,Sales,Business Development,Master,Female,Full-Time,39.3,18.0,92.2,180029,Very High
EMP0929,26,4,HR,Recruiter,Bachelor,Female,Full-Time,41.7,7.8,71.0,77478,High
EMP0930,26,5,HR,Recruiter,Bachelor,Male,Full-Time,34.5,0.3,95.9,80703,High
EMP0931,23,0,Operations,Supply Coordinator,Bachelor,Female,Part-Time,45.7,12.9,69.8,41169,Medium
EMP0932,27,4,Operations,Supply Coordinator,Bachelor,Male,Contract,44.4,11.9,81.6,70505,High
EMP0933,28,9,Sales,Sales Executive,Bachelor,Female,Full-Time,50.9,3.5,57.1,84657,High
EMP0934,35,13,Sales,Business Development,Bachelor,Male,Full-Time,48.7,5.3,71.7,94160,High
EMP0935,49,25,Sales,Sales Executive,Bachelor,Male,Full-Time,44.1,22.4,73.0,116547,Very High
EMP0936,53,29,IT,System Administrator,Master,Female,Full-Time,39.2,4.6,77.8,148793,Very High
EMP0937,50,28,Finance,Finance Manager,Bachelor,Female,Part-Time,43.2,14.1,61.0,125200,Very High
EMP0938,59,33,IT,Software Engineer,Master,Male,Full-Time,41.3,0.5,88.6,171847,Very High
EMP0939,47,26,HR,HR Manager,Master,Male,Full-Time,47.7,1.3,90.6,143110,Very High
EMP0940,56,36,Sales,Sales Executive,Master,Female,Part-Time,47.0,3.5,71.5,152335,Very High
EMP0941,49,28,IT,System Administrator,Bachelor,Male,Full-Time,40.2,5.3,64.4,127216,Very High
EMP0942,58,36,Operations,Operations Manager,Master,Female,Full-Time,33.2,10.2,70.2,152202,Very High
EMP0943,53,30,Operations,Supply Coordinator,High School,Male,Full-Time,50.0,26.7,81.4,128667,Very High
EMP0944,57,37,Marketing,Marketing Executive,Master,Female,Full-Time,45.5,3.0,73.6,155128,Very High
EMP0945,47,28,Sales,Business Development,High School,Female,Full-Time,40.1,0.3,77.3,124414,Very High
EMP0946,53,32,Operations,Operations Executive,Master,Male,Full-Time,45.3,9.7,65.7,138557,Very High
EMP0947,24,2,IT,Software Engineer,PhD,Male,Part-Time,42.4,5.6,95.4,89243,High
EMP0948,42,21,Marketing,SEO Specialist,Bachelor,Male,Full-Time,49.9,1.3,77.9,121618,Very High
EMP0949,22,2,IT,Data Analyst,Bachelor,Female,Contract,30.4,4.1,85.7,87584,High
EMP0950,30,5,Marketing,Marketing Executive,Master,Male,Full-Time,39.6,8.1,78.0,88884,High
