EmployeeID,Age,Gender,Department,City,Experience,Salary,PerformanceScore,TrainingHours,Status
EMP0001,22,Female,HR,Bengaluru,27.0,117587.14,3,57.5,Active
EMP0002,30,Male,Operations,Hyderabad,12.7,66709.8,4,26.3,Active
EMP0003,32,Male,Marketing,Chennai,8.3,65368.09,4,43.9,On Leave
EMP0004,33,Male,Sales,Bengaluru,17.8,99707.1,4,26.9,Active
EMP0005,31,Female,IT,Coimbatore,27.4,140286.73,3,29.3,Active
EMP0006,39,Male,IT,Coimbatore,6.3,67001.63,5,19.1,Active
EMP0007,55,Female,IT,Bengaluru,18.7,106664.38,4,9.8,Inactive
EMP0008,59,Male,Operations,Mumbai,18.9,112068.91,3,55.8,Active
EMP0009,46,Female,Sales,Pune,22.0,101192.77,4,28.1,Active
EMP0010,34,Male,Sales,Chennai,3.9,44022.02,3,29.4,Active
EMP0011,44,Female,IT,Chennai,21.5,117423.96,3,28.3,Active
EMP0012,21,Male,Operations,Chennai,27.3,116404.49,3,39.2,Active
EMP0013,42,Male,Marketing,Bengaluru,5.4,52493.16,4,13.9,Active
EMP0014,43,Male,IT,Mumbai,7.1,81141.76,3,10.4,Active
EMP0015,39,Male,IT,Hyderabad,29.1,145017.09,4,9.8,Active
EMP0016,38,Female,IT,Coimbatore,5.4,63745.61,3,13.8,Active
EMP0017,32,Male,HR,Bengaluru,25.6,112518.68,3,4.0,Active
EMP0018,48,Male,Finance,Hyderabad,14.8,86869.11,5,28.3,Active
EMP0019,48,Female,Finance,Coimbatore,7.4,62898.43,4,15.9,Active
EMP0020,53,Male,HR,Coimbatore,26.1,121808.28,5,20.6,On Leave
EMP0021,39,Male,Sales,Mumbai,13.4,94153.15,3,37.5,Active
EMP0022,48,Female,IT,Pune,15.4,101361.53,2,65.8,On Leave
EMP0023,57,Male,HR,Chennai,10.8,61908.34,4,15.9,Active
EMP0024,46,Female,HR,Hyderabad,17.8,97272.04,4,16.3,Active
EMP0025,55,Male,Finance,Bengaluru,4.9,61135.77,2,24.5,Active
EMP0026,54,Male,Marketing,Hyderabad,11.7,85071.19,3,21.1,Active
EMP0027,55,Female,IT,Pune,29.1,157494.33,4,74.2,Active
EMP0028,60,Female,Finance,Chennai,7.7,58829.25,3,7.8,Active
EMP0029,36,Male,Sales,Hyderabad,19.7,99463.14,4,29.0,Active
EMP0030,58,Female,IT,Pune,9.8,67239.38,3,15.7,Active
EMP0031,33,Male,Sales,Bengaluru,23.2,116327.84,3,23.6,Active
EMP0032,43,Male,IT,Mumbai,3.9,60380.87,5,21.8,Active
EMP0033,42,Female,IT,Coimbatore,29.1,152748.68,3,38.6,Active
EMP0034,36,Male,Operations,Bengaluru,13.6,80992.39,3,27.6,Inactive
EMP0035,48,Male,Operations,Chennai,7.1,56291.22,4,24.1,On Leave
EMP0036,55,Female,Marketing,Coimbatore,2.2,43914.06,3,45.3,Active
EMP0037,28,Female,HR,Bengaluru,5.1,44168.86,3,24.9,Active
EMP0038,42,Male,IT,Bengaluru,15.6,114316.31,4,6.1,Inactive
EMP0039,41,Male,Sales,Bengaluru,10.1,59488.71,3,35.1,Active
EMP0040,46,Female,Finance,Bengaluru,24.9,128627.92,3,29.6,Active
EMP0041,60,Female,IT,Coimbatore,12.9,104338.85,3,41.4,On Leave
EMP0042,41,Female,Finance,Chennai,7.5,66304.4,3,34.7,Active
EMP0043,45,Male,IT,Pune,18.5,106229.69,4,14.9,Active
EMP0044,21,Male,Operations,Hyderabad,21.2,105340.44,4,1.8,Active
EMP0045,26,Male,IT,Mumbai,5.0,59056.87,2,39.3,Active
EMP0046,43,Female,Sales,Hyderabad,5.0,65482.79,4,24.5,On Leave
EMP0047,43,Female,HR,Hyderabad,1.1,25000.0,5,16.9,Active
EMP0048,43,Female,Finance,Mumbai,22.1,129617.47,3,15.9,Active
EMP0049,52,Female,Sales,Coimbatore,19.9,95258.34,4,26.9,Active
EMP0050,50,Male,IT,Chennai,14.2,90566.78,3,18.5,Active
EMP0051,33,Male,Operations,Mumbai,25.3,119116.04,4,10.7,Active
EMP0052,38,Male,Marketing,Chennai,24.2,124408.43,5,9.6,Inactive
EMP0053,43,Male,Operations,Coimbatore,17.6,82815.01,2,21.9,Active
EMP0054,35,Male,Operations,Hyderabad,26.0,128697.38,3,14.4,Active
EMP0055,53,Male,Sales,Chennai,6.2,74894.48,3,12.4,Inactive
EMP0056,41,Female,Operations,Coimbatore,3.4,34994.61,3,49.1,Active
EMP0057,59,Female,IT,Coimbatore,8.1,72867.65,2,13.3,On Leave
EMP0058,43,Male,IT,Pune,1.7,43654.14,4,30.2,Active
EMP0059,47,Male,IT,Mumbai,15.9,102057.1,1,32.2,Active
EMP0060,38,Male,HR,Pune,28.1,131503.18,3,11.7,Active
EMP0061,44,Female,Finance,Hyderabad,1.2,39068.1,4,12.0,On Leave
EMP0062,60,Female,IT,Mumbai,3.7,59852.98,3,10.7,Active
EMP0063,27,Female,Marketing,Hyderabad,13.6,97034.78,5,15.2,Active
EMP0064,40,Male,HR,Pune,28.0,129472.77,4,29.4,Active
EMP0065,47,Male,HR,Coimbatore,9.5,72008.06,3,22.4,Active
EMP0066,26,Male,Sales,Hyderabad,15.2,79853.82,3,39.7,Active
EMP0067,47,Female,IT,Mumbai,1.2,39548.51,3,33.1,On Leave
EMP0068,29,Female,Marketing,Mumbai,4.5,54529.25,4,34.8,Inactive
EMP0069,51,Female,IT,Hyderabad,29.6,158472.93,2,43.4,Active
EMP0070,41,Male,Operations,Mumbai,29.0,138344.91,4,22.0,Active
EMP0071,46,Female,Marketing,Coimbatore,0.1,32845.54,4,27.4,Active
EMP0072,60,Female,IT,Coimbatore,28.6,143094.33,3,37.5,Active
EMP0073,33,Male,IT,Mumbai,19.2,100196.74,4,41.6,Inactive
EMP0074,43,Male,Marketing,Hyderabad,26.0,130836.12,1,28.9,Inactive
EMP0075,40,Female,Sales,Pune,13.6,91658.66,5,6.8,Inactive
EMP0076,57,Male,Sales,Mumbai,15.5,87633.28,2,61.7,Active
EMP0077,48,Female,Marketing,Mumbai,14.7,82689.66,4,21.7,Active
EMP0078,37,Female,IT,Mumbai,20.0,115127.03,3,17.0,Active
EMP0079,48,Female,HR,Mumbai,4.2,44206.24,4,13.7,Active
EMP0080,22,Female,IT,Hyderabad,0.9,45620.94,3,33.8,Active
EMP0081,45,Female,Operations,Pune,9.2,82997.77,2,29.3,Inactive
EMP0082,26,Female,Sales,Pune,21.1,108873.79,3,13.8,Inactive
EMP0083,31,Male,HR,Chennai,6.1,51483.28,3,7.1,On Leave
EMP0084,58,Male,IT,Mumbai,20.2,108519.67,4,13.7,Inactive
EMP0085,26,Male,HR,Mumbai,29.1,140803.54,5,35.3,Active
EMP0086,31,Female,HR,Chennai,2.8,41350.21,3,23.0,Active
EMP0087,34,Male,Sales,Pune,20.2,102505.02,3,8.6,Active
EMP0088,22,Male,Sales,Bengaluru,13.3,94120.43,1,13.1,Active
EMP0089,60,Male,Operations,Coimbatore,26.0,136356.82,3,21.1,Active
EMP0090,23,Female,Finance,Bengaluru,5.3,53746.61,3,25.1,Active
EMP0091,55,Female,IT,Pune,20.8,100867.68,3,17.2,Active
EMP0092,53,Female,Sales,Mumbai,25.1,132910.11,2,26.4,Active
EMP0093,44,Male,Marketing,Bengaluru,28.3,128572.96,3,33.1,Active
EMP0094,39,Female,Sales,Hyderabad,20.5,115075.0,5,18.4,Active
EMP0095,38,Female,Marketing,Hyderabad,14.9,71389.17,3,45.4,Active
EMP0096,44,Male,Finance,Chennai,18.5,111890.78,3,12.3,Active
EMP0097,55,Female,Finance,Pune,26.1,121660.62,4,10.4,Active
EMP0098,21,Male,Finance,Pune,17.1,105696.11,4,43.2,Inactive
EMP0099,56,Female,IT,Bengaluru,0.9,46264.18,3,3.1,Active
EMP0100,45,Male,IT,Mumbai,27.9,133018.48,4,14.9,Active
EMP0101,54,Male,IT,Pune,20.7,112193.71,4,17.0,Active
EMP0102,45,Female,Sales,Bengaluru,20.3,113540.55,1,33.0,On Leave
EMP0103,36,Male,HR,Bengaluru,6.5,56597.16,3,7.2,Active
EMP0104,54,Male,Finance,Coimbatore,19.8,113975.3,3,26.0,Inactive
EMP0105,49,Female,Operations,Coimbatore,11.8,91111.52,3,23.0,On Leave
EMP0106,39,Male,IT,Pune,19.5,98736.07,3,56.5,Inactive
EMP0107,43,Female,Finance,Bengaluru,3.2,64137.7,4,12.5,Active
EMP0108,39,Male,Marketing,Chennai,19.7,104784.85,2,30.2,Active
EMP0109,45,Female,IT,Chennai,30.0,140809.73,3,19.3,Active
EMP0110,36,Female,IT,Coimbatore,1.4,37257.49,3,22.3,Active
EMP0111,29,Male,HR,Pune,29.3,134037.04,3,14.4,Active
EMP0112,21,Female,IT,Mumbai,12.2,93073.2,4,32.3,Inactive
EMP0113,39,Female,Operations,Chennai,26.1,124329.61,3,36.4,Inactive
EMP0114,53,Female,Marketing,Chennai,23.5,129339.24,5,26.2,Active
EMP0115,54,Female,Sales,Coimbatore,17.0,84890.59,3,84.3,Active
EMP0116,36,Female,Operations,Coimbatore,22.2,111603.29,3,17.5,On Leave
EMP0117,60,Male,Marketing,Pune,26.4,117380.85,4,33.5,Active
EMP0118,38,Male,IT,Coimbatore,12.1,88259.06,3,47.5,Active
EMP0119,54,Female,Operations,Hyderabad,9.8,75395.1,2,29.3,Active
EMP0120,45,Male,Sales,Bengaluru,20.0,103633.91,4,38.0,Active
EMP0121,26,Male,Marketing,Chennai,24.2,98866.29,3,50.7,Active
EMP0122,41,Male,Operations,Hyderabad,22.9,115741.59,5,30.1,Active
EMP0123,26,Male,HR,Mumbai,23.9,120143.91,5,36.6,Active
EMP0124,52,Male,IT,Hyderabad,13.1,92084.36,3,12.7,Active
EMP0125,59,Female,IT,Pune,24.5,138636.26,3,2.8,Active
EMP0126,51,Male,Finance,Mumbai,3.6,44031.57,3,30.4,Active
EMP0127,30,Male,Marketing,Mumbai,16.3,97491.73,3,18.1,Active
EMP0128,50,Female,Operations,Coimbatore,0.2,44240.06,4,19.8,Active
EMP0129,38,Female,IT,Hyderabad,9.7,62721.3,4,18.2,Active
EMP0130,44,Male,Finance,Pune,11.0,81057.21,3,22.8,Active
EMP0131,29,Male,Finance,Chennai,11.9,77616.56,1,25.2,Active
EMP0132,51,Female,IT,Coimbatore,20.9,115497.82,3,33.3,On Leave
EMP0133,35,Female,IT,Hyderabad,11.7,86731.41,3,28.9,Inactive
EMP0134,24,Female,HR,Chennai,13.5,76352.17,4,8.6,On Leave
EMP0135,60,Female,Operations,Hyderabad,7.1,53444.34,2,36.8,Active
EMP0136,29,Female,HR,Coimbatore,11.2,72473.22,4,61.1,Active
EMP0137,29,Male,Finance,Chennai,6.8,55102.03,4,18.7,On Leave
EMP0138,46,Female,Sales,Coimbatore,2.2,36013.4,4,30.5,Inactive
EMP0139,24,Male,HR,Hyderabad,18.1,101784.99,3,28.7,Inactive
EMP0140,37,Female,Operations,Mumbai,20.0,94809.65,4,6.6,Active
EMP0141,36,Female,Operations,Bengaluru,18.6,104430.5,4,19.5,Active
EMP0142,35,Male,IT,Mumbai,13.9,95350.73,4,9.4,Active
EMP0143,55,Male,Finance,Coimbatore,11.4,66093.55,3,21.8,Active
EMP0144,25,Male,HR,Coimbatore,25.9,118229.48,3,19.2,Active
EMP0145,25,Male,HR,Coimbatore,15.6,97152.88,4,26.9,Active
EMP0146,40,Female,IT,Chennai,14.4,85550.68,2,15.8,Active
EMP0147,35,Male,Sales,Pune,0.8,36084.77,3,4.5,Active
EMP0148,38,Female,Finance,Coimbatore,10.2,79396.49,5,12.1,Active
EMP0149,22,Male,IT,Mumbai,11.4,89167.12,1,15.0,Inactive
EMP0150,49,Female,IT,Bengaluru,12.0,82987.69,3,35.4,Inactive
EMP0151,33,Female,Operations,Coimbatore,17.4,90119.92,3,14.1,Active
EMP0152,24,Female,IT,Coimbatore,16.0,110378.96,4,59.0,Active
EMP0153,30,Male,IT,Coimbatore,18.2,120611.2,2,35.0,On Leave
EMP0154,51,Female,Finance,Chennai,22.9,127980.86,4,10.9,Active
EMP0155,28,Male,Operations,Coimbatore,24.4,120082.55,2,15.5,Active
EMP0156,23,Male,IT,Mumbai,21.5,111783.87,2,35.6,Active
EMP0157,29,Male,Sales,Hyderabad,28.7,130806.44,4,15.3,Active
EMP0158,50,Male,Marketing,Pune,0.5,40930.11,3,11.4,Active
EMP0159,31,Female,IT,Coimbatore,5.9,66997.19,5,13.2,Active
EMP0160,55,Male,Sales,Chennai,0.2,48912.79,1,19.1,Active
EMP0161,57,Female,HR,Mumbai,19.4,106103.6,3,11.3,Active
EMP0162,33,Female,Sales,Coimbatore,26.9,119125.36,2,28.1,Active
EMP0163,56,Male,Sales,Chennai,7.3,70965.58,3,66.9,Active
EMP0164,33,Female,Sales,Hyderabad,27.8,126315.51,5,22.0,Active
EMP0165,32,Male,IT,Bengaluru,1.8,46228.23,5,26.4,Active
EMP0166,57,Male,Marketing,Coimbatore,28.0,135001.6,1,17.0,Active
EMP0167,30,Male,HR,Mumbai,10.5,85715.34,3,67.1,Active
EMP0168,29,Female,IT,Chennai,3.0,78379.35,4,13.5,Active
EMP0169,27,Female,IT,Chennai,14.6,98953.78,3,21.8,Active
EMP0170,22,Male,Sales,Coimbatore,7.7,62484.43,2,26.6,Active
EMP0171,43,Male,Sales,Chennai,8.5,71026.05,5,13.9,Active
EMP0172,59,Female,IT,Bengaluru,9.2,82301.24,5,23.1,Active
EMP0173,60,Male,Finance,Chennai,24.1,121784.66,5,35.5,Active
EMP0174,59,Female,IT,Pune,16.2,114061.69,4,14.9,Active
EMP0175,41,Female,Sales,Pune,9.3,71390.57,4,8.2,Active
EMP0176,43,Male,IT,Chennai,18.3,111031.94,3,34.5,Active
EMP0177,49,Female,Sales,Coimbatore,21.5,117577.39,2,29.0,Active
EMP0178,34,Male,Finance,Pune,8.2,72072.69,2,21.2,Active
EMP0179,46,Female,Operations,Mumbai,12.4,84111.52,4,14.8,Inactive
EMP0180,25,Female,IT,Pune,3.7,51011.97,4,3.7,Active
EMP0181,51,Male,HR,Chennai,5.4,47433.59,4,43.9,Active
EMP0182,45,Male,IT,Coimbatore,20.4,105598.77,5,12.2,Active
EMP0183,51,Female,Operations,Hyderabad,5.4,56416.01,4,13.3,Active
EMP0184,40,Female,Operations,Coimbatore,15.8,95531.49,5,13.3,On Leave
EMP0185,37,Male,IT,Coimbatore,21.3,121212.18,3,37.0,Active
EMP0186,22,Female,Sales,Coimbatore,3.2,61595.94,4,50.8,Active
EMP0187,45,Male,Marketing,Mumbai,17.0,94455.23,3,13.6,Active
EMP0188,33,Male,Sales,Bengaluru,7.7,69299.93,3,11.3,Active
EMP0189,59,Female,Finance,Chennai,28.9,132416.39,5,19.8,Active
EMP0190,48,Male,IT,Bengaluru,14.5,90653.2,5,15.4,Active
EMP0191,26,Female,IT,Hyderabad,24.2,133264.3,2,10.7,Inactive
EMP0192,23,Male,Operations,Bengaluru,16.5,98542.82,1,42.5,Active
EMP0193,55,Female,Operations,Chennai,1.3,36198.26,4,32.4,Active
EMP0194,38,Male,Sales,Chennai,19.0,102927.21,4,8.5,Active
EMP0195,31,Male,HR,Hyderabad,28.5,120607.01,5,26.2,Active
EMP0196,40,Female,HR,Chennai,18.0,93143.77,3,24.9,Active
EMP0197,25,Male,Sales,Hyderabad,24.6,130223.07,2,33.2,Active
EMP0198,39,Male,Operations,Hyderabad,26.5,131351.64,3,9.1,Active
EMP0199,42,Male,Operations,Chennai,6.8,61805.33,1,40.8,Active
EMP0200,39,Male,Marketing,Pune,6.4,57798.19,1,18.7,On Leave
EMP0201,36,Female,Sales,Hyderabad,18.3,101106.51,5,31.0,Active
EMP0202,44,Male,IT,Chennai,12.3,80767.43,3,10.6,Active
EMP0203,24,Female,IT,Pune,25.2,136790.63,3,15.6,Active
EMP0204,35,Male,Operations,Hyderabad,27.0,131867.78,1,13.8,Active
EMP0205,45,Male,Sales,Pune,10.6,78036.15,3,5.9,Active
EMP0206,55,Male,IT,Mumbai,7.1,63641.72,4,10.8,Active
EMP0207,34,Male,IT,Coimbatore,23.4,107673.26,4,13.3,Active
EMP0208,39,Male,Sales,Mumbai,8.2,74477.22,4,19.7,Active
EMP0209,58,Female,IT,Pune,24.7,125619.3,3,32.0,Inactive
EMP0210,56,Female,IT,Hyderabad,12.7,80547.79,3,40.8,Active
EMP0211,27,Male,Sales,Chennai,20.0,112547.83,3,36.1,Active
EMP0212,50,Male,Sales,Bengaluru,2.9,44013.9,3,37.8,Active
EMP0213,39,Male,Sales,Chennai,18.7,110929.49,4,47.1,Active
EMP0214,45,Male,IT,Bengaluru,13.6,95536.05,3,22.7,Active
EMP0215,36,Male,Sales,Bengaluru,17.6,104068.55,4,38.5,Active
EMP0216,60,Male,IT,Hyderabad,5.0,49572.35,2,15.9,Active
EMP0217,28,Male,HR,Pune,22.1,120045.55,4,21.8,Active
EMP0218,38,Male,Marketing,Chennai,25.9,127740.0,5,20.9,Active
EMP0219,48,Male,Sales,Pune,6.5,56795.78,4,27.8,Active
EMP0220,36,Male,Marketing,Mumbai,2.9,46297.11,3,20.7,Active
EMP0221,39,Male,Sales,Hyderabad,0.7,25240.12,5,12.3,Inactive
EMP0222,37,Male,Sales,Hyderabad,19.3,107819.22,4,15.3,On Leave
EMP0223,33,Male,IT,Mumbai,18.2,98465.03,3,18.4,On Leave
EMP0224,27,Male,HR,Chennai,16.4,79578.64,3,5.5,Active
EMP0225,47,Male,IT,Coimbatore,7.0,55321.13,4,44.4,Active
EMP0226,30,Male,IT,Mumbai,11.7,92851.51,4,25.2,Active
EMP0227,54,Male,Operations,Chennai,17.8,91265.89,3,28.2,Active
EMP0228,56,Male,Finance,Bengaluru,14.9,104419.82,3,34.8,Active
EMP0229,45,Male,Operations,Hyderabad,29.6,133313.59,5,34.6,Active
EMP0230,26,Male,Sales,Chennai,4.1,37691.14,2,14.0,Active
EMP0231,44,Female,Marketing,Pune,20.9,99217.8,3,29.8,Active
EMP0232,38,Male,Finance,Pune,12.1,92236.49,2,30.2,Active
EMP0233,43,Male,Sales,Hyderabad,12.8,80552.81,4,21.6,Active
EMP0234,26,Female,Finance,Mumbai,21.5,110863.7,2,11.5,Active
EMP0235,49,Male,IT,Coimbatore,20.8,117080.15,4,26.2,Inactive
EMP0236,45,Male,Sales,Mumbai,29.7,144964.26,2,57.1,Active
EMP0237,37,Female,HR,Chennai,3.9,55589.19,4,18.8,Active
EMP0238,44,Female,IT,Mumbai,3.1,65437.99,4,19.5,Active
EMP0239,31,Male,Sales,Hyderabad,21.7,110071.85,3,25.1,Active
EMP0240,46,Male,IT,Chennai,17.4,93291.62,3,41.1,Active
EMP0241,54,Male,Operations,Bengaluru,8.2,59392.28,3,6.1,Active
EMP0242,48,Male,Operations,Mumbai,2.4,44482.24,3,49.9,Active
EMP0243,23,Female,Operations,Mumbai,2.6,35389.93,4,5.5,Active
EMP0244,31,Male,HR,Coimbatore,26.8,119142.79,3,59.1,Active
EMP0245,58,Male,IT,Chennai,5.8,66050.3,4,23.5,Active
EMP0246,34,Female,Operations,Pune,9.7,67560.78,3,10.0,Active
EMP0247,46,Female,Finance,Mumbai,6.8,64062.38,3,18.5,Active
EMP0248,41,Male,Operations,Hyderabad,10.6,65032.04,3,4.3,Active
EMP0249,59,Female,Operations,Mumbai,2.1,39506.79,3,18.0,Active
EMP0250,50,Male,Operations,Coimbatore,15.6,81206.13,3,20.8,Inactive
EMP0251,28,Female,HR,Bengaluru,2.0,47121.59,4,29.3,Active
EMP0252,40,Male,Finance,Coimbatore,24.0,132281.99,3,25.7,Active
EMP0253,52,Male,Operations,Mumbai,7.0,43730.5,1,12.8,Active
EMP0254,42,Male,HR,Pune,16.2,82263.91,4,23.3,Active
EMP0255,27,Male,IT,Mumbai,26.4,123427.77,4,20.0,Active
EMP0256,29,Male,Sales,Chennai,19.5,100049.81,2,8.4,Active
EMP0257,21,Female,Operations,Mumbai,16.0,89332.5,4,16.0,Inactive
EMP0258,49,Female,Sales,Pune,9.7,59352.84,3,30.6,Active
EMP0259,28,Male,Sales,Chennai,10.0,64625.12,4,24.9,Active
EMP0260,24,Male,IT,Hyderabad,20.1,105318.34,4,9.6,Inactive
EMP0261,55,Male,Sales,Chennai,29.8,142958.14,4,21.3,Active
EMP0262,23,Female,Operations,Coimbatore,19.9,104204.75,4,9.9,Active
EMP0263,60,Female,IT,Bengaluru,16.7,95676.1,3,18.3,Active
EMP0264,27,Female,Finance,Coimbatore,21.9,118064.57,4,17.7,Active
EMP0265,47,Female,Operations,Chennai,14.0,78626.56,3,23.5,Active
EMP0266,21,Male,Marketing,Hyderabad,1.8,39126.76,2,22.1,Active
EMP0267,47,Male,Sales,Mumbai,16.9,109537.62,3,9.9,On Leave
EMP0268,36,Female,Sales,Chennai,28.7,148173.69,5,15.8,Active
EMP0269,58,Female,HR,Coimbatore,5.3,41153.35,5,11.0,Active
EMP0270,27,Male,HR,Chennai,20.7,112087.86,2,19.7,Active
EMP0271,43,Male,Marketing,Chennai,6.0,62491.17,4,10.1,Active
EMP0272,31,Female,Marketing,Chennai,16.1,82163.89,4,35.2,Active
EMP0273,53,Male,Operations,Hyderabad,2.9,50700.22,3,15.6,Active
EMP0274,56,Male,Operations,Pune,13.5,93553.46,3,69.5,Active
EMP0275,57,Female,Finance,Pune,22.7,110469.64,4,24.0,Active
EMP0276,37,Male,Finance,Chennai,10.4,69059.98,3,8.4,Active
EMP0277,55,Male,Marketing,Hyderabad,19.9,112791.29,2,3.2,On Leave
EMP0278,25,Female,Sales,Hyderabad,23.9,122821.96,4,8.8,Active
EMP0279,52,Female,Sales,Chennai,27.8,138711.81,5,43.6,Active
EMP0280,23,Female,Marketing,Coimbatore,7.0,62224.71,4,8.2,Inactive
EMP0281,55,Male,Operations,Coimbatore,12.0,79125.57,4,42.1,Active
EMP0282,34,Male,HR,Bengaluru,4.6,38488.22,3,29.2,Inactive
EMP0283,51,Female,HR,Chennai,29.8,145678.54,2,23.7,Active
EMP0284,51,Male,IT,Bengaluru,27.8,149656.72,4,42.4,Active
EMP0285,37,Male,Sales,Coimbatore,16.2,91864.87,3,34.5,Inactive
EMP0286,44,Female,IT,Coimbatore,25.3,131202.18,4,19.2,Active
EMP0287,43,Male,Finance,Chennai,15.6,82351.14,2,5.8,Inactive
EMP0288,38,Male,Sales,Bengaluru,18.7,106564.04,3,29.6,Inactive
EMP0289,34,Male,HR,Bengaluru,2.7,47026.46,3,10.9,On Leave
EMP0290,35,Male,Sales,Chennai,22.7,115952.47,5,11.6,Active
EMP0291,35,Male,IT,Bengaluru,3.8,65294.83,2,18.8,Active
EMP0292,26,Male,IT,Mumbai,24.8,127127.38,1,14.2,Active
EMP0293,47,Female,Marketing,Coimbatore,23.5,121766.85,3,20.1,On Leave
EMP0294,35,Female,HR,Pune,21.3,99392.69,4,17.9,Active
EMP0295,56,Male,IT,Hyderabad,1.1,46661.58,3,22.5,Active
EMP0296,28,Male,Finance,Bengaluru,9.1,70455.17,3,28.1,Active
EMP0297,35,Male,Marketing,Bengaluru,7.9,64452.46,2,46.8,Active
EMP0298,23,Male,IT,Hyderabad,10.8,77843.78,4,31.8,Active
EMP0299,33,Female,Sales,Bengaluru,2.6,45048.22,2,27.0,Active
EMP0300,54,Female,IT,Hyderabad,28.1,147958.38,3,16.7,Inactive
EMP0301,44,Female,IT,Chennai,16.6,97605.89,3,15.1,Active
EMP0302,60,Male,Sales,Mumbai,9.2,56347.38,3,4.9,Inactive
EMP0303,52,Male,Sales,Mumbai,11.9,92646.67,4,17.3,Active
EMP0304,52,Male,Sales,Coimbatore,13.4,94951.63,3,29.8,Active
EMP0305,50,Male,Sales,Pune,18.0,89661.9,5,7.1,Active
EMP0306,33,Female,Operations,Bengaluru,15.5,93767.66,5,18.9,Active
EMP0307,21,Female,Finance,Pune,27.6,132576.2,3,22.2,Active
EMP0308,54,Male,HR,Chennai,14.9,87257.9,4,25.9,Active
EMP0309,35,Female,Marketing,Mumbai,29.8,141653.79,4,28.0,Active
EMP0310,34,Male,IT,Chennai,25.5,130374.74,5,34.7,Active
EMP0311,49,Male,Finance,Chennai,6.3,55779.87,3,8.4,Active
EMP0312,54,Female,IT,Bengaluru,27.9,135125.67,3,24.0,Active
EMP0313,38,Male,IT,Chennai,3.5,47920.46,3,21.2,Active
EMP0314,27,Male,Operations,Mumbai,24.5,113095.42,4,4.9,Active
EMP0315,49,Female,Marketing,Pune,11.4,74362.57,3,45.1,Active
EMP0316,51,Female,Sales,Mumbai,26.3,123323.92,3,34.3,On Leave
EMP0317,45,Male,Finance,Bengaluru,26.0,136456.42,3,11.1,Active
EMP0318,58,Male,IT,Mumbai,24.2,139597.97,3,14.6,Active
EMP0319,34,Female,IT,Hyderabad,23.7,121309.57,3,16.2,Active
EMP0320,28,Female,IT,Pune,9.1,76765.24,2,44.4,Active
EMP0321,47,Female,Sales,Hyderabad,2.4,49397.48,3,29.8,Active
EMP0322,22,Male,Sales,Hyderabad,12.1,83126.02,5,29.1,Active
EMP0323,37,Female,Sales,Coimbatore,5.2,55807.64,3,22.2,Active
EMP0324,57,Male,IT,Bengaluru,20.8,121741.46,4,35.7,Active
EMP0325,34,Female,Operations,Chennai,10.4,74257.99,2,4.0,Active
EMP0326,45,Male,Marketing,Hyderabad,29.3,127648.7,3,18.7,Active
EMP0327,50,Female,Sales,Mumbai,19.2,111153.25,4,35.5,Active
EMP0328,49,Male,Sales,Chennai,24.7,130548.33,4,34.2,Inactive
EMP0329,40,Male,Finance,Mumbai,4.0,47893.71,3,43.8,Active
EMP0330,41,Male,IT,Mumbai,25.9,133953.5,5,36.6,Inactive
EMP0331,42,Male,HR,Chennai,27.7,135416.63,5,12.8,Active
EMP0332,55,Female,Marketing,Chennai,14.6,84425.49,5,9.1,Active
EMP0333,57,Female,IT,Mumbai,18.2,115283.82,3,25.4,Active
EMP0334,36,Female,IT,Bengaluru,22.9,142060.98,2,45.7,Active
EMP0335,37,Male,IT,Pune,5.2,54912.11,4,16.4,Active
EMP0336,36,Female,IT,Coimbatore,15.1,84801.64,4,24.7,Active
EMP0337,22,Female,Operations,Pune,12.0,78430.55,2,42.7,Active
EMP0338,24,Male,Sales,Bengaluru,4.4,58172.5,4,11.9,Active
EMP0339,41,Male,Finance,Coimbatore,11.0,76653.07,1,45.8,Active
EMP0340,59,Female,IT,Chennai,2.0,61626.09,3,7.4,Active
EMP0341,54,Female,Finance,Coimbatore,0.8,32091.15,3,25.0,Active
EMP0342,50,Female,Finance,Mumbai,4.1,59893.35,4,30.7,Active
EMP0343,26,Male,IT,Pune,28.9,139303.11,3,33.0,Active
EMP0344,37,Male,Finance,Coimbatore,16.5,111505.02,4,7.6,Active
EMP0345,59,Male,Finance,Mumbai,29.0,157440.12,3,26.6,Inactive
EMP0346,45,Female,Sales,Bengaluru,13.0,76366.75,4,12.7,Inactive
EMP0347,25,Female,Sales,Coimbatore,9.4,65503.54,5,25.2,Active
EMP0348,25,Male,IT,Mumbai,15.2,103076.7,4,20.1,Active
EMP0349,40,Female,HR,Bengaluru,13.2,76102.95,5,5.1,Active
EMP0350,36,Male,Sales,Chennai,3.2,47836.71,1,40.0,Active
EMP0351,57,Female,Finance,Bengaluru,19.2,107403.11,3,19.0,Active
EMP0352,60,Male,Operations,Bengaluru,6.5,41392.61,2,50.4,Active
EMP0353,29,Male,Sales,Pune,18.6,101989.3,3,19.5,Active
EMP0354,25,Male,IT,Mumbai,19.5,105732.18,4,28.6,Active
EMP0355,22,Male,IT,Coimbatore,4.6,55155.02,1,16.7,Active
EMP0356,29,Male,Sales,Pune,1.8,54849.06,3,21.8,Active
EMP0357,56,Female,IT,Hyderabad,23.4,114847.94,3,27.6,Active
EMP0358,42,Female,Sales,Bengaluru,13.8,91805.64,3,7.3,Active
EMP0359,42,Female,Operations,Hyderabad,1.7,37718.3,3,13.3,Active
EMP0360,42,Male,Sales,Pune,29.8,139061.92,4,38.1,Active
EMP0361,54,Male,Finance,Mumbai,1.7,52272.98,2,43.0,Active
EMP0362,49,Male,Sales,Pune,20.9,112870.41,3,15.3,Active
EMP0363,58,Female,Finance,Mumbai,29.5,147814.9,4,29.0,Active
EMP0364,53,Male,Sales,Mumbai,7.2,69945.48,4,36.6,Active
EMP0365,38,Female,Operations,Chennai,4.3,46399.53,3,19.4,Active
EMP0366,27,Female,Finance,Bengaluru,3.6,47702.11,4,12.0,Active
EMP0367,21,Male,Operations,Pune,9.1,57168.8,3,10.1,Active
EMP0368,53,Male,Operations,Mumbai,3.0,37896.72,3,40.2,Active
EMP0369,21,Male,IT,Pune,20.8,139392.76,1,14.7,Active
EMP0370,44,Male,IT,Pune,1.9,59607.44,3,34.7,On Leave
EMP0371,24,Female,IT,Mumbai,15.3,85741.41,4,30.8,Active
EMP0372,24,Female,IT,Coimbatore,29.9,137070.34,2,31.3,Active
EMP0373,38,Male,IT,Hyderabad,24.4,132254.93,3,32.0,Active
EMP0374,47,Female,Sales,Bengaluru,18.5,106128.12,4,44.1,Active
EMP0375,52,Female,IT,Bengaluru,9.2,79591.07,3,12.7,Active
EMP0376,53,Female,HR,Coimbatore,18.7,96410.35,3,10.4,Active
EMP0377,48,Male,Marketing,Chennai,15.8,89296.37,4,8.7,On Leave
EMP0378,56,Male,IT,Coimbatore,12.8,90423.04,2,21.7,Active
EMP0379,26,Male,Marketing,Chennai,3.9,49337.14,5,22.0,Inactive
EMP0380,36,Female,HR,Chennai,26.6,108345.6,2,7.0,Active
EMP0381,54,Male,IT,Coimbatore,13.5,88411.6,4,6.8,Inactive
EMP0382,43,Male,Sales,Bengaluru,5.8,50488.75,3,54.7,Active
EMP0383,44,Female,Sales,Hyderabad,11.0,76901.69,4,34.8,Active
EMP0384,33,Female,Operations,Bengaluru,12.4,101282.07,2,8.2,Active
EMP0385,38,Female,Marketing,Bengaluru,24.8,124739.85,4,28.8,Active
EMP0386,33,Male,Marketing,Bengaluru,22.0,109491.76,3,14.8,Active
EMP0387,57,Male,HR,Coimbatore,23.1,121224.41,3,18.4,Active
EMP0388,59,Female,IT,Coimbatore,0.3,47911.5,3,35.6,Active
EMP0389,37,Male,Marketing,Coimbatore,12.5,82110.76,4,20.9,Active
EMP0390,35,Male,Marketing,Bengaluru,14.4,90254.8,5,15.0,Active
EMP0391,38,Male,Operations,Hyderabad,0.6,52552.35,2,53.1,Active
EMP0392,43,Male,Finance,Chennai,7.8,58252.89,1,13.0,Active
EMP0393,50,Male,HR,Pune,22.8,116589.06,4,29.6,Active
EMP0394,54,Female,Marketing,Chennai,4.1,41938.95,2,18.9,Active
EMP0395,24,Female,HR,Chennai,16.1,93794.1,5,27.8,Active
EMP0396,23,Female,Operations,Pune,6.5,49400.51,4,33.1,Active
EMP0397,27,Male,Operations,Bengaluru,0.4,32061.07,4,50.0,Active
EMP0398,38,Male,Finance,Hyderabad,7.2,62839.28,2,9.0,Active
EMP0399,27,Male,Marketing,Hyderabad,29.3,145356.53,3,55.2,Inactive
EMP0400,60,Female,Marketing,Chennai,24.0,126347.64,4,22.6,Active
EMP0401,26,Male,IT,Pune,28.8,133834.26,5,27.3,Active
EMP0402,42,Female,Operations,Mumbai,14.6,85539.47,5,19.2,Active
EMP0403,21,Female,Finance,Bengaluru,3.3,45873.36,2,21.7,On Leave
EMP0404,24,Male,Marketing,Chennai,16.4,82331.96,2,30.0,Active
EMP0405,49,Male,HR,Hyderabad,13.6,78863.86,2,6.3,Active
EMP0406,41,Female,Operations,Coimbatore,25.3,120082.14,4,27.7,Active
EMP0407,46,Female,Finance,Coimbatore,2.9,69563.73,3,21.4,Active
EMP0408,34,Male,IT,Pune,14.6,97563.68,1,38.4,Active
EMP0409,29,Male,Operations,Pune,4.5,38729.06,3,13.1,Active
EMP0410,32,Female,IT,Chennai,9.7,72431.81,3,35.6,Active
EMP0411,26,Male,HR,Mumbai,22.1,118521.07,5,7.3,Inactive
EMP0412,40,Male,Operations,Hyderabad,14.3,100757.54,3,18.4,Active
EMP0413,44,Male,Operations,Chennai,11.3,60862.13,3,20.5,Active
EMP0414,47,Male,Sales,Mumbai,11.8,63260.6,3,26.2,Active
EMP0415,58,Male,Sales,Pune,13.8,100267.72,3,31.3,Active
EMP0416,28,Male,Finance,Coimbatore,23.6,125716.91,1,16.7,On Leave
EMP0417,21,Male,HR,Bengaluru,26.8,119853.66,2,11.8,Inactive
EMP0418,44,Male,HR,Coimbatore,28.7,137727.03,4,22.3,Inactive
EMP0419,27,Female,Sales,Hyderabad,23.6,98514.02,2,34.5,On Leave
EMP0420,39,Female,Marketing,Hyderabad,9.5,68277.0,3,48.8,Active
EMP0421,42,Female,Marketing,Coimbatore,20.6,109722.57,3,34.1,Active
EMP0422,55,Female,Marketing,Coimbatore,13.1,88244.16,4,26.3,Active
EMP0423,50,Male,IT,Mumbai,7.6,61488.83,3,29.4,Active
EMP0424,49,Male,Finance,Chennai,25.2,128885.5,4,18.2,Inactive
EMP0425,42,Female,IT,Pune,1.2,39796.6,3,14.0,Active
EMP0426,31,Male,Sales,Mumbai,27.1,133893.07,4,39.2,Active
EMP0427,40,Male,Finance,Bengaluru,13.8,81137.23,1,56.2,On Leave
EMP0428,49,Female,Operations,Coimbatore,19.1,97585.19,5,36.1,Active
EMP0429,54,Male,HR,Bengaluru,19.8,94333.48,2,33.1,Inactive
EMP0430,21,Male,IT,Bengaluru,26.9,142359.09,3,14.3,Active
EMP0431,51,Female,IT,Mumbai,19.1,116717.61,4,23.6,Active
EMP0432,50,Female,Marketing,Pune,18.4,97523.04,3,10.1,Active
EMP0433,38,Male,Sales,Hyderabad,2.0,44305.9,5,8.3,Active
EMP0434,37,Female,IT,Chennai,15.6,86011.27,3,20.3,Active
EMP0435,58,Female,IT,Hyderabad,4.5,56352.59,4,28.0,Active
EMP0436,34,Female,Sales,Pune,22.1,113948.36,4,24.6,Inactive
EMP0437,43,Male,IT,Hyderabad,15.4,117866.34,5,5.8,Active
EMP0438,45,Male,Marketing,Coimbatore,20.4,97504.26,5,8.1,Active
EMP0439,35,Female,Sales,Coimbatore,1.3,53263.42,5,16.2,Active
EMP0440,42,Female,IT,Mumbai,2.5,59724.87,4,58.7,Inactive
EMP0441,23,Female,IT,Bengaluru,21.5,120495.09,3,28.0,Active
EMP0442,39,Male,Operations,Pune,2.2,55768.96,2,5.7,Active
EMP0443,54,Male,HR,Pune,2.1,43326.84,4,27.8,Active
EMP0444,55,Female,HR,Hyderabad,0.4,37513.27,5,33.7,Active
EMP0445,21,Male,Marketing,Mumbai,28.7,135025.03,4,9.3,Inactive
EMP0446,41,Male,Operations,Hyderabad,22.1,121138.55,5,11.9,Active
EMP0447,49,Male,Operations,Hyderabad,10.6,79871.75,4,58.3,Active
EMP0448,26,Male,Marketing,Pune,8.9,61144.58,2,10.5,Inactive
EMP0449,57,Female,HR,Hyderabad,10.5,59196.02,3,19.3,Active
EMP0450,21,Female,IT,Bengaluru,23.2,122576.15,3,28.9,Active
EMP0451,21,Male,Marketing,Hyderabad,19.8,97899.69,2,36.3,Active
EMP0452,47,Male,Sales,Bengaluru,5.6,56091.8,3,28.1,Active
EMP0453,41,Female,Finance,Pune,5.2,68099.51,5,18.3,Active
EMP0454,36,Male,Operations,Mumbai,3.0,40841.59,4,20.4,On Leave
EMP0455,60,Male,IT,Coimbatore,19.8,111957.41,3,41.4,Active
EMP0456,46,Female,Finance,Bengaluru,22.9,120614.18,1,5.2,Active
EMP0457,36,Male,IT,Mumbai,8.0,77787.45,3,11.0,Active
EMP0458,48,Female,Finance,Mumbai,0.6,25000.0,3,4.5,Active
EMP0459,21,Male,IT,Bengaluru,2.5,46896.4,3,28.0,Active
EMP0460,56,Female,IT,Pune,29.0,146190.27,2,27.6,Active
EMP0461,30,Male,IT,Chennai,8.9,83750.63,3,21.9,Active
EMP0462,37,Female,Sales,Mumbai,23.1,113914.78,3,19.8,Active
EMP0463,43,Male,Marketing,Mumbai,18.7,85437.58,5,19.9,Active
EMP0464,27,Male,Sales,Pune,11.5,82207.69,2,38.5,Active
EMP0465,27,Female,Operations,Pune,6.2,50617.1,1,12.2,Active
EMP0466,35,Male,HR,Hyderabad,3.6,36082.67,1,17.5,Active
EMP0467,54,Male,HR,Pune,18.5,92755.24,3,57.8,Active
EMP0468,24,Male,Operations,Mumbai,23.2,113723.8,4,37.6,Active
EMP0469,34,Female,IT,Bengaluru,19.3,105712.04,4,11.6,Active
EMP0470,34,Male,Operations,Chennai,15.9,72005.47,3,16.2,Active
EMP0471,36,Male,IT,Hyderabad,1.3,54726.53,4,8.5,Active
EMP0472,27,Female,Operations,Bengaluru,29.1,146049.0,3,17.4,Active
EMP0473,52,Male,IT,Chennai,24.0,132212.18,4,14.6,Active
EMP0474,39,Female,Operations,Chennai,8.8,55698.51,1,24.8,Active
EMP0475,22,Female,Finance,Chennai,29.4,141288.07,3,33.9,Active
EMP0476,30,Female,Operations,Coimbatore,18.1,97297.83,4,11.0,Active
EMP0477,37,Female,IT,Bengaluru,17.5,109040.36,4,18.4,Inactive
EMP0478,57,Female,Sales,Hyderabad,22.4,120746.72,4,39.8,Active
EMP0479,32,Male,Operations,Hyderabad,24.4,113526.61,3,43.8,Active
EMP0480,26,Female,Finance,Chennai,19.7,109605.96,3,34.3,Active
EMP0481,42,Male,Sales,Bengaluru,3.8,53958.24,5,27.7,Active
EMP0482,52,Male,Sales,Coimbatore,10.1,83996.58,2,34.7,Inactive
EMP0483,40,Female,Finance,Chennai,27.8,142936.05,2,8.7,Active
EMP0484,21,Male,Sales,Pune,6.7,66762.45,2,21.4,Active
EMP0485,26,Female,Sales,Hyderabad,11.2,76870.61,3,11.1,Active
EMP0486,39,Male,Operations,Mumbai,13.0,90783.67,3,12.6,Active
EMP0487,38,Female,IT,Chennai,13.2,92478.1,3,15.8,Active
EMP0488,26,Male,HR,Pune,18.4,90511.3,3,66.3,Active
EMP0489,53,Female,Operations,Hyderabad,28.3,144276.96,5,5.3,Active
EMP0490,43,Female,Operations,Coimbatore,7.2,64783.23,1,8.7,Active
EMP0491,43,Female,Finance,Bengaluru,3.6,49055.65,3,13.7,Active
EMP0492,46,Male,Sales,Hyderabad,5.9,53814.06,3,61.0,Active
EMP0493,33,Male,IT,Bengaluru,26.6,138472.6,4,11.1,Active
EMP0494,27,Male,IT,Bengaluru,19.4,114605.48,3,5.3,Active
EMP0495,35,Female,Finance,Coimbatore,8.6,71678.34,4,22.0,Active
EMP0496,47,Female,HR,Coimbatore,24.5,121240.47,2,5.5,On Leave
EMP0497,46,Male,Sales,Chennai,25.8,140899.66,4,10.0,On Leave
EMP0498,53,Female,IT,Chennai,25.4,140472.35,3,21.7,Active
EMP0499,35,Female,Operations,Hyderabad,27.6,132125.08,2,28.9,Active
EMP0500,56,Male,Operations,Coimbatore,7.6,68130.48,5,18.6,On Leave
EMP0501,47,Female,Sales,Pune,22.7,108189.81,4,9.5,Active
EMP0502,25,Female,Sales,Hyderabad,13.8,88483.42,2,32.4,Active
EMP0503,22,Male,HR,Mumbai,25.3,136024.45,1,13.5,Active
EMP0504,53,Male,Marketing,Bengaluru,21.9,109905.63,2,11.9,Active
EMP0505,36,Male,Sales,Bengaluru,23.3,111768.93,4,26.9,Active
EMP0506,43,Female,IT,Chennai,19.7,106733.29,2,24.0,Active
EMP0507,58,Female,Operations,Pune,5.3,43832.94,3,39.6,Active
EMP0508,36,Female,Marketing,Coimbatore,16.4,86121.9,1,15.4,Active
EMP0509,34,Male,Operations,Coimbatore,29.5,134285.94,4,21.0,Active
EMP0510,49,Male,Sales,Chennai,28.1,124105.46,4,55.0,Active
EMP0511,46,Male,Sales,Mumbai,1.3,41674.95,4,23.0,Active
EMP0512,55,Male,Finance,Hyderabad,4.9,64368.22,2,15.0,Active
EMP0513,35,Female,Operations,Hyderabad,4.0,40737.95,5,21.2,Active
EMP0514,23,Female,Operations,Pune,21.8,122454.27,4,22.5,Inactive
EMP0515,43,Female,IT,Chennai,24.5,132836.34,5,15.9,Active
EMP0516,49,Female,IT,Chennai,6.4,73644.64,3,23.7,Active
EMP0517,54,Male,HR,Mumbai,15.2,80937.32,3,5.1,Active
EMP0518,53,Male,Marketing,Hyderabad,25.2,130036.2,4,36.9,Active
EMP0519,43,Male,Operations,Chennai,22.0,102264.53,2,9.2,Active
EMP0520,27,Female,IT,Coimbatore,16.3,107171.98,3,23.4,Active
EMP0521,23,Female,Sales,Pune,17.7,100324.71,4,14.2,Active
EMP0522,52,Male,Finance,Hyderabad,15.3,97976.01,4,34.7,Active
EMP0523,51,Male,Operations,Mumbai,8.9,55745.24,5,10.5,Active
EMP0524,38,Male,Marketing,Pune,17.0,87339.44,4,55.0,Active
EMP0525,27,Male,Marketing,Bengaluru,20.7,112227.83,3,16.1,Active
EMP0526,21,Male,Finance,Coimbatore,26.2,124113.22,1,9.0,Active
EMP0527,34,Male,Finance,Mumbai,19.1,110555.65,3,12.4,Active
EMP0528,52,Male,IT,Pune,22.8,111862.9,3,22.7,On Leave
EMP0529,26,Female,IT,Chennai,4.8,66585.39,3,14.0,Active
EMP0530,59,Female,Operations,Bengaluru,13.8,72439.81,2,33.2,Active
EMP0531,30,Male,Marketing,Mumbai,0.3,40468.4,3,14.5,Active
EMP0532,27,Male,Operations,Chennai,7.4,64905.05,4,35.8,Inactive
EMP0533,46,Male,Operations,Coimbatore,21.8,104725.83,5,6.7,Active
EMP0534,54,Male,Sales,Bengaluru,29.8,145956.21,4,41.6,Active
EMP0535,50,Male,Marketing,Hyderabad,3.0,47583.54,4,13.2,Inactive
EMP0536,56,Male,Operations,Chennai,12.0,71689.27,4,6.6,Active
EMP0537,41,Female,Marketing,Pune,24.0,110931.56,5,42.5,Active
EMP0538,37,Female,IT,Mumbai,6.1,48648.99,4,19.2,Active
EMP0539,53,Male,Finance,Bengaluru,16.7,101247.2,4,96.7,Active
EMP0540,30,Female,IT,Chennai,22.0,107481.58,5,12.4,Active
EMP0541,32,Male,Operations,Hyderabad,18.5,99512.75,5,19.1,Active
EMP0542,36,Male,Sales,Mumbai,5.6,54492.41,3,49.2,Active
EMP0543,52,Female,IT,Mumbai,10.7,85883.14,2,41.2,Active
EMP0544,35,Female,Sales,Chennai,23.5,116833.64,2,31.6,Active
EMP0545,47,Female,Sales,Hyderabad,16.6,92464.42,2,14.3,Active
EMP0546,48,Female,HR,Coimbatore,0.2,39554.97,2,23.2,Active
EMP0547,37,Female,IT,Coimbatore,22.8,125480.46,2,14.5,Active
EMP0548,22,Female,Sales,Bengaluru,1.1,43379.25,3,4.7,Active
EMP0549,56,Female,Finance,Chennai,22.4,122154.14,3,18.1,Active
EMP0550,27,Male,Marketing,Bengaluru,6.1,44065.42,4,24.3,Active
EMP0551,33,Female,Finance,Coimbatore,28.7,146504.31,3,18.2,Active
EMP0552,35,Female,Operations,Mumbai,11.0,77399.75,4,18.6,Active
EMP0553,45,Female,Sales,Bengaluru,9.8,63166.53,4,27.1,On Leave
EMP0554,43,Male,Sales,Hyderabad,4.5,50797.36,3,35.7,Active
EMP0555,42,Female,Operations,Pune,9.2,65885.54,5,16.2,Active
EMP0556,46,Male,Finance,Coimbatore,26.3,130974.03,2,12.4,Active
EMP0557,53,Male,IT,Coimbatore,29.9,150320.88,2,45.0,Active
EMP0558,31,Male,IT,Hyderabad,11.0,92950.93,3,21.2,Active
EMP0559,30,Female,Marketing,Bengaluru,13.5,90904.13,2,16.1,Active
EMP0560,45,Female,Sales,Chennai,21.7,102452.25,3,35.7,Active
EMP0561,57,Male,Sales,Mumbai,26.6,135076.56,3,7.5,Active
EMP0562,58,Male,IT,Pune,17.8,115931.47,3,34.5,Active
EMP0563,44,Male,IT,Chennai,11.7,87044.47,2,51.6,Active
EMP0564,60,Female,IT,Chennai,12.4,95127.84,3,9.5,Active
EMP0565,53,Male,HR,Hyderabad,20.9,122248.16,4,14.9,Active
EMP0566,37,Male,Sales,Bengaluru,0.1,45539.68,3,22.4,Active
EMP0567,44,Male,Finance,Coimbatore,18.6,107094.47,2,30.3,Active
EMP0568,57,Male,Finance,Coimbatore,10.7,85810.71,2,22.5,Active
EMP0569,22,Male,Operations,Hyderabad,23.8,118459.1,1,24.6,Inactive
EMP0570,52,Female,HR,Bengaluru,2.8,42991.22,1,8.1,Active
EMP0571,44,Male,Finance,Hyderabad,17.6,98788.69,4,29.3,Active
EMP0572,29,Female,Marketing,Coimbatore,14.4,97907.31,1,63.4,Active
EMP0573,24,Male,Finance,Chennai,19.3,101002.57,4,12.6,Active
EMP0574,37,Male,Sales,Mumbai,1.9,55908.94,4,31.2,Active
EMP0575,37,Male,Operations,Bengaluru,17.4,98898.91,2,31.1,Active
EMP0576,50,Female,Operations,Pune,16.8,81605.55,3,28.0,Active
EMP0577,60,Female,IT,Pune,16.8,104741.19,5,42.1,On Leave
EMP0578,31,Female,Operations,Chennai,18.1,80549.79,4,34.5,Active
EMP0579,41,Female,Finance,Hyderabad,20.3,116054.06,3,25.0,On Leave
EMP0580,41,Male,IT,Hyderabad,24.1,134431.85,4,17.7,Active
EMP0581,38,Female,Finance,Coimbatore,8.1,63611.15,4,11.1,Active
EMP0582,49,Female,Operations,Chennai,24.8,121788.38,3,16.2,Active
EMP0583,44,Male,Finance,Coimbatore,14.9,107783.26,5,29.6,Active
EMP0584,30,Female,HR,Coimbatore,2.3,37004.03,3,23.3,Active
EMP0585,37,Male,Sales,Pune,1.8,34828.74,3,6.7,Active
EMP0586,38,Male,IT,Coimbatore,10.0,89853.31,5,32.3,Inactive
EMP0587,40,Male,IT,Coimbatore,23.5,140950.7,4,10.6,On Leave
EMP0588,57,Male,IT,Pune,21.2,117229.57,3,11.4,Active
EMP0589,38,Male,IT,Hyderabad,23.7,134041.7,1,17.9,Active
EMP0590,37,Male,IT,Bengaluru,15.5,107981.81,4,9.1,Active
EMP0591,29,Male,IT,Mumbai,13.2,83260.13,4,21.5,Active
EMP0592,34,Male,Sales,Coimbatore,4.4,48517.55,4,16.9,Active
EMP0593,49,Female,IT,Bengaluru,9.8,87147.0,5,20.2,On Leave
EMP0594,51,Female,HR,Pune,13.0,91980.11,4,14.2,Active
EMP0595,24,Male,Operations,Bengaluru,2.7,47953.05,3,10.5,Active
EMP0596,38,Male,Finance,Mumbai,6.6,56061.49,2,31.0,Active
EMP0597,40,Male,Sales,Bengaluru,17.9,115546.49,3,21.1,Active
EMP0598,29,Female,IT,Bengaluru,22.1,116102.23,4,4.2,Active
EMP0599,33,Male,IT,Bengaluru,30.0,145318.9,4,12.1,Active
EMP0600,35,Male,IT,Bengaluru,28.0,143738.7,3,34.4,On Leave
EMP0601,47,Male,IT,Chennai,19.3,122983.28,3,12.0,Active
EMP0602,35,Female,IT,Coimbatore,12.6,93931.81,3,24.5,Active
EMP0603,48,Male,IT,Pune,19.1,113168.92,3,9.6,Active
EMP0604,57,Male,IT,Mumbai,23.6,129306.31,3,22.8,Inactive
EMP0605,39,Male,IT,Pune,3.6,55948.12,2,49.3,On Leave
EMP0606,46,Male,Finance,Chennai,12.3,87515.12,3,32.7,Active
EMP0607,46,Female,IT,Chennai,25.2,110963.52,3,18.2,Active
EMP0608,45,Female,HR,Chennai,11.5,70877.14,3,50.9,On Leave
EMP0609,46,Female,Finance,Coimbatore,17.2,102130.58,2,13.2,Active
EMP0610,46,Female,Sales,Chennai,17.6,89391.89,4,22.0,Active
EMP0611,48,Male,IT,Bengaluru,5.5,65340.59,3,25.7,Active
EMP0612,38,Female,Marketing,Pune,10.9,71514.23,4,34.6,Active
EMP0613,52,Female,Sales,Hyderabad,10.0,86043.81,4,15.9,Active
EMP0614,23,Male,IT,Mumbai,0.8,58384.16,3,27.4,Active
EMP0615,22,Female,Operations,Chennai,0.7,32723.56,3,9.0,Active
EMP0616,53,Male,Operations,Pune,25.0,120293.3,5,9.5,Active
EMP0617,39,Male,IT,Chennai,8.2,71108.42,4,24.3,Active
EMP0618,37,Female,IT,Coimbatore,15.5,93636.72,5,24.0,Active
EMP0619,53,Female,Marketing,Chennai,9.0,68060.2,4,39.5,Active
EMP0620,32,Female,Marketing,Chennai,28.2,127633.74,2,24.5,Active
EMP0621,23,Male,IT,Chennai,7.8,61255.08,2,14.3,Active
EMP0622,46,Female,IT,Chennai,12.9,93131.69,3,39.0,Inactive
EMP0623,55,Male,HR,Mumbai,26.2,129736.24,3,41.7,On Leave
EMP0624,28,Male,Finance,Pune,25.3,122115.47,3,26.3,On Leave
EMP0625,56,Female,Sales,Coimbatore,5.6,63762.84,4,15.2,Active
EMP0626,27,Female,HR,Chennai,24.1,112297.38,3,11.5,Active
EMP0627,56,Male,Finance,Chennai,13.7,89975.32,3,20.0,Inactive
EMP0628,36,Female,Marketing,Chennai,14.5,92312.75,4,69.5,Active
EMP0629,44,Male,IT,Chennai,4.0,56731.1,4,5.6,Active
EMP0630,21,Male,IT,Bengaluru,2.4,55037.93,3,70.7,Active
EMP0631,45,Male,Sales,Bengaluru,21.8,109168.56,4,19.0,Inactive
EMP0632,30,Female,Operations,Hyderabad,14.9,84578.27,4,13.8,Active
EMP0633,36,Male,Finance,Chennai,13.1,84203.12,3,5.1,Active
EMP0634,36,Female,Sales,Hyderabad,21.9,107677.37,2,33.4,Active
EMP0635,28,Male,IT,Mumbai,23.0,122085.81,1,21.8,Active
EMP0636,49,Female,Finance,Hyderabad,4.8,44411.05,3,31.9,On Leave
EMP0637,59,Male,Sales,Pune,18.3,97120.77,3,3.4,Active
EMP0638,48,Female,IT,Bengaluru,4.1,55071.0,5,35.5,Active
EMP0639,26,Male,IT,Bengaluru,22.5,119700.56,4,15.2,Inactive
EMP0640,36,Female,HR,Chennai,19.7,100018.02,4,4.2,Active
EMP0641,40,Female,IT,Chennai,28.7,142955.89,5,16.8,Active
EMP0642,36,Female,HR,Mumbai,2.1,44185.53,5,5.9,Active
EMP0643,27,Male,IT,Coimbatore,1.7,55946.14,3,11.9,Active
EMP0644,34,Female,HR,Mumbai,8.5,57551.88,2,14.6,Inactive
EMP0645,46,Male,IT,Pune,7.9,61024.39,4,8.9,Active
EMP0646,46,Female,Operations,Chennai,7.4,51563.64,3,20.3,On Leave
EMP0647,34,Female,Sales,Chennai,27.2,128302.38,3,20.7,Active
EMP0648,27,Male,Sales,Mumbai,7.5,60434.63,4,38.3,Active
EMP0649,53,Male,Marketing,Mumbai,8.2,57540.03,5,20.4,Active
EMP0650,46,Male,Finance,Mumbai,22.8,109431.07,3,66.5,Active
EMP0651,40,Female,IT,Bengaluru,13.5,86601.03,4,29.5,Active
EMP0652,23,Female,Sales,Hyderabad,23.3,120001.41,3,10.9,Active
EMP0653,24,Male,Sales,Hyderabad,2.0,48760.24,4,8.8,Active
EMP0654,46,Male,Marketing,Chennai,14.6,81640.62,1,9.4,Active
EMP0655,31,Male,Finance,Bengaluru,1.0,40196.02,4,38.6,Active
EMP0656,22,Male,IT,Mumbai,1.9,42236.41,1,8.9,Active
EMP0657,34,Male,HR,Chennai,27.2,127948.49,4,23.4,Active
EMP0658,50,Female,HR,Bengaluru,4.2,40912.57,1,31.8,Active
EMP0659,32,Male,Sales,Pune,16.0,97585.02,3,21.3,Inactive
EMP0660,46,Female,Sales,Coimbatore,12.3,65763.07,3,32.8,Active
EMP0661,53,Female,HR,Bengaluru,10.4,66522.96,3,16.7,Active
EMP0662,33,Male,Operations,Chennai,27.0,130908.86,2,22.1,Active
EMP0663,34,Female,Sales,Hyderabad,0.7,40920.68,3,18.7,Active
EMP0664,44,Male,IT,Mumbai,19.9,134194.27,4,22.7,Inactive
EMP0665,54,Male,IT,Coimbatore,28.9,146948.4,4,7.9,Active
EMP0666,46,Male,IT,Pune,16.8,93767.56,2,52.2,Inactive
EMP0667,41,Male,IT,Coimbatore,28.1,140586.29,4,28.0,Active
EMP0668,48,Male,IT,Coimbatore,1.6,34390.03,2,34.2,Inactive
EMP0669,56,Male,IT,Bengaluru,12.6,86455.2,3,14.1,Active
EMP0670,60,Male,HR,Chennai,7.8,53635.55,3,28.6,Active
EMP0671,22,Male,IT,Chennai,21.9,126973.12,3,24.0,Active
EMP0672,29,Male,Operations,Coimbatore,29.4,132503.68,3,6.1,Active
EMP0673,43,Male,IT,Mumbai,7.7,69015.87,5,5.6,Active
EMP0674,35,Male,Finance,Chennai,19.6,103515.54,3,7.7,Active
EMP0675,33,Male,Finance,Coimbatore,5.9,74560.81,3,10.2,Active
EMP0676,43,Female,Operations,Chennai,17.0,90930.06,3,9.1,Active
EMP0677,37,Male,IT,Mumbai,13.9,106310.46,5,26.7,Active
EMP0678,22,Female,Finance,Pune,29.2,148713.21,4,32.8,Inactive
EMP0679,40,Male,Operations,Coimbatore,18.3,101906.53,4,28.9,Active
EMP0680,40,Female,Operations,Hyderabad,10.5,73699.87,5,55.7,Active
EMP0681,23,Male,Marketing,Hyderabad,3.4,50050.38,5,22.8,On Leave
EMP0682,32,Female,IT,Coimbatore,4.5,43328.62,4,18.8,Active
EMP0683,60,Female,IT,Bengaluru,6.8,64568.93,2,19.9,Active
EMP0684,22,Male,Sales,Pune,7.5,70011.26,4,34.8,Active
EMP0685,56,Female,Operations,Bengaluru,25.5,122858.82,3,11.3,Inactive
EMP0686,34,Male,Sales,Hyderabad,16.8,84558.48,4,16.5,Active
EMP0687,36,Male,Sales,Mumbai,15.7,91530.76,4,49.5,Active
EMP0688,39,Female,IT,Coimbatore,3.4,68532.84,4,22.9,Active
EMP0689,54,Female,Marketing,Chennai,25.8,135275.13,3,29.4,Active
EMP0690,26,Male,IT,Hyderabad,21.7,118453.97,4,18.3,Active
EMP0691,33,Male,HR,Pune,2.0,47611.59,5,12.1,Active
EMP0692,56,Female,Finance,Hyderabad,21.2,111267.94,2,30.9,Active
EMP0693,42,Female,Finance,Pune,16.3,83419.03,3,14.7,Inactive
EMP0694,38,Female,IT,Pune,2.5,44354.27,4,19.1,Active
EMP0695,32,Female,IT,Coimbatore,13.7,103453.11,5,20.1,Active
EMP0696,50,Male,Sales,Pune,14.5,85558.06,2,40.9,Active
EMP0697,60,Female,HR,Bengaluru,5.0,48552.93,1,11.6,Active
EMP0698,27,Male,Sales,Mumbai,28.4,134001.29,2,39.5,Active
EMP0699,52,Male,IT,Hyderabad,25.5,147483.09,2,12.3,Active
EMP0700,39,Male,Finance,Mumbai,20.1,123357.67,5,13.3,Active
EMP0701,26,Female,Sales,Chennai,13.9,103400.24,4,8.8,Active
EMP0702,40,Male,IT,Hyderabad,12.4,85127.64,4,28.3,Inactive
EMP0703,47,Female,HR,Mumbai,19.5,103615.0,3,19.5,Active
EMP0704,57,Male,IT,Mumbai,16.4,88266.86,4,18.3,Active
EMP0705,27,Male,IT,Coimbatore,1.9,61465.48,2,24.8,Active
EMP0706,25,Female,Operations,Coimbatore,15.4,78557.76,3,21.9,Active
EMP0707,31,Male,HR,Chennai,24.2,119434.2,3,26.4,Active
EMP0708,35,Male,Marketing,Pune,13.8,74521.58,2,26.3,Inactive
EMP0709,23,Male,IT,Hyderabad,1.6,43889.07,3,16.3,Active
EMP0710,25,Female,Sales,Coimbatore,23.6,112901.9,3,15.6,Active
EMP0711,43,Male,Marketing,Hyderabad,6.0,51137.0,1,26.8,Active
EMP0712,57,Male,Sales,Chennai,7.8,59987.02,2,15.5,Active
EMP0713,29,Male,Finance,Coimbatore,4.9,52763.85,4,22.9,Active
EMP0714,35,Male,Finance,Coimbatore,9.9,81316.67,1,16.8,Active
EMP0715,23,Male,HR,Pune,22.7,103611.1,5,26.8,Active
EMP0716,49,Male,Operations,Hyderabad,15.6,90364.33,2,11.3,Active
EMP0717,26,Male,Marketing,Hyderabad,6.1,66093.67,4,40.5,Active
EMP0718,37,Female,Operations,Hyderabad,26.3,121944.43,5,21.2,Active
EMP0719,46,Male,IT,Pune,26.4,129656.65,5,5.3,Active
EMP0720,41,Male,Marketing,Coimbatore,26.1,124505.8,4,11.8,Active
EMP0721,28,Male,Operations,Chennai,7.2,68637.8,3,34.4,Active
EMP0722,41,Male,IT,Hyderabad,13.5,91802.86,3,49.0,Active
EMP0723,31,Female,IT,Mumbai,29.5,142000.29,3,21.0,On Leave
EMP0724,58,Male,Marketing,Pune,23.2,120071.01,2,35.1,Active
EMP0725,28,Male,Sales,Bengaluru,0.8,30981.66,1,9.1,Active
EMP0726,44,Female,Marketing,Chennai,2.0,47450.88,4,17.5,Active
EMP0727,55,Male,IT,Mumbai,13.9,94918.86,3,1.4,Active
EMP0728,34,Male,Marketing,Hyderabad,27.3,128087.53,4,10.2,Active
EMP0729,34,Male,IT,Bengaluru,16.2,92991.31,5,7.8,Active
EMP0730,30,Male,IT,Chennai,14.9,88056.55,4,26.1,On Leave
EMP0731,32,Male,IT,Pune,3.2,58478.54,4,18.5,Inactive
EMP0732,58,Male,Marketing,Bengaluru,19.7,113781.84,4,4.5,On Leave
EMP0733,54,Female,Sales,Coimbatore,24.7,118351.54,2,10.1,Active
EMP0734,30,Female,Finance,Bengaluru,11.4,83567.09,3,30.0,Inactive
EMP0735,37,Male,HR,Mumbai,23.3,97853.78,5,10.4,Active
EMP0736,37,Male,Operations,Chennai,28.9,130473.06,5,37.0,Active
EMP0737,23,Male,Finance,Mumbai,6.1,61101.53,5,44.5,Active
EMP0738,51,Male,Marketing,Mumbai,15.7,82672.53,3,23.0,Active
EMP0739,21,Male,Finance,Hyderabad,8.6,62607.95,4,29.9,Active
EMP0740,32,Female,HR,Pune,23.8,110957.76,1,15.3,Active
EMP0741,59,Female,Finance,Bengaluru,17.3,102887.54,2,11.9,Active
EMP0742,24,Female,HR,Chennai,19.0,98001.37,3,9.9,On Leave
EMP0743,33,Female,Marketing,Coimbatore,23.9,100744.15,3,7.9,Active
EMP0744,54,Male,Finance,Pune,11.9,64684.4,3,23.3,Active
EMP0745,41,Male,IT,Pune,27.5,134395.08,3,28.3,Active
EMP0746,42,Male,Operations,Chennai,16.0,93661.49,2,35.8,Inactive
EMP0747,24,Male,Finance,Pune,4.7,34469.96,3,41.7,Active
EMP0748,38,Female,Sales,Hyderabad,20.9,106152.16,4,22.7,Active
EMP0749,25,Male,Operations,Pune,23.8,113090.02,4,63.8,Inactive
EMP0750,39,Female,Sales,Hyderabad,9.5,81356.7,2,22.1,Active
EMP0751,22,Male,IT,Bengaluru,25.7,129869.83,3,29.2,Active
EMP0752,32,Female,Operations,Bengaluru,27.2,132263.91,4,4.5,Active
EMP0753,37,Female,Sales,Mumbai,8.3,67180.06,3,43.3,Active
EMP0754,30,Female,HR,Hyderabad,29.5,119205.47,3,43.1,Inactive
EMP0755,54,Female,IT,Coimbatore,4.2,63845.66,4,16.3,Active
EMP0756,26,Male,Marketing,Bengaluru,6.1,58073.17,5,40.6,On Leave
EMP0757,28,Female,Sales,Pune,5.5,60316.15,2,40.9,On Leave
EMP0758,31,Female,Sales,Chennai,26.8,162209.9,3,40.3,Active
EMP0759,32,Female,Operations,Chennai,19.6,85927.1,3,21.0,Active
EMP0760,29,Female,Marketing,Hyderabad,4.6,64897.57,3,14.6,On Leave
EMP0761,22,Female,IT,Coimbatore,13.2,86900.42,2,17.5,Active
EMP0762,28,Female,HR,Mumbai,18.5,100048.63,2,4.0,Active
EMP0763,31,Male,IT,Pune,2.5,51385.9,3,44.2,Active
EMP0764,56,Female,Marketing,Hyderabad,26.5,124356.11,5,13.2,Active
EMP0765,30,Male,IT,Chennai,24.1,122791.34,4,55.9,Active
EMP0766,41,Male,Sales,Hyderabad,15.2,92836.07,4,29.7,Active
EMP0767,40,Male,Marketing,Pune,29.0,124362.61,4,9.5,Active
EMP0768,28,Male,Operations,Coimbatore,12.5,83754.63,2,11.8,Inactive
EMP0769,56,Male,HR,Coimbatore,29.5,132920.44,4,34.1,Active
EMP0770,49,Male,Marketing,Bengaluru,20.0,95959.45,3,53.3,Active
EMP0771,32,Male,IT,Pune,19.0,105899.9,3,4.4,On Leave
EMP0772,34,Male,Marketing,Bengaluru,5.0,62557.19,4,46.8,Active
EMP0773,41,Male,IT,Bengaluru,26.5,131467.32,4,29.1,Active
EMP0774,42,Female,Finance,Bengaluru,12.8,87667.63,4,11.5,Inactive
EMP0775,41,Female,Marketing,Hyderabad,4.9,46302.35,2,34.8,Active
EMP0776,50,Female,IT,Chennai,0.4,50463.37,5,20.5,Active
EMP0777,59,Female,IT,Coimbatore,16.8,107284.06,5,41.7,Active
EMP0778,40,Female,Sales,Hyderabad,15.8,107088.87,3,9.9,Active
EMP0779,44,Male,Sales,Chennai,21.6,111195.49,2,21.1,On Leave
EMP0780,43,Female,Sales,Coimbatore,26.7,135799.24,2,27.9,Active
EMP0781,27,Female,Sales,Pune,2.4,46184.54,5,59.9,Active
EMP0782,29,Male,Sales,Coimbatore,21.9,124016.97,3,12.1,Active
EMP0783,21,Male,IT,Coimbatore,5.6,56849.34,3,15.5,Active
EMP0784,46,Female,HR,Coimbatore,25.7,128910.04,3,17.3,Active
EMP0785,58,Male,IT,Mumbai,24.6,127542.42,3,17.0,Active
EMP0786,58,Female,Operations,Pune,16.2,90186.49,4,10.6,Active
EMP0787,42,Male,Sales,Hyderabad,21.3,112284.02,3,12.0,Active
EMP0788,30,Female,Finance,Hyderabad,9.4,74917.92,5,15.2,Active
EMP0789,26,Male,Finance,Chennai,14.1,88420.17,4,63.5,Active
EMP0790,37,Male,Operations,Hyderabad,24.6,121817.71,4,21.2,Inactive
EMP0791,58,Male,IT,Bengaluru,13.8,103924.94,3,17.9,Active
EMP0792,44,Female,Sales,Coimbatore,10.7,82333.6,2,12.9,Active
EMP0793,30,Female,Finance,Hyderabad,14.8,98753.24,3,12.2,Active
EMP0794,28,Female,Sales,Chennai,24.8,120155.68,3,53.7,Active
EMP0795,41,Male,IT,Chennai,10.1,71236.07,3,38.5,Active
EMP0796,26,Female,Operations,Bengaluru,5.2,59842.4,5,25.1,Active
EMP0797,41,Male,Operations,Chennai,21.4,115908.37,3,12.7,Active
EMP0798,59,Male,Sales,Mumbai,24.8,135581.37,2,9.7,Active
EMP0799,44,Male,Sales,Coimbatore,3.0,42668.15,2,32.1,Active
EMP0800,53,Female,Operations,Coimbatore,7.2,57363.61,3,18.1,Active
EMP0801,38,Male,Sales,Coimbatore,4.3,38934.13,5,25.9,Active
EMP0802,48,Male,IT,Pune,10.4,76260.23,3,6.2,Active
EMP0803,52,Female,Sales,Hyderabad,13.5,92222.56,3,17.5,Active
EMP0804,32,Female,Sales,Mumbai,22.5,112018.04,4,9.5,On Leave
EMP0805,47,Male,Finance,Hyderabad,19.5,113373.84,3,46.6,Active
EMP0806,30,Male,Marketing,Mumbai,18.6,98575.98,3,14.1,Active
EMP0807,52,Male,Operations,Hyderabad,10.6,73692.46,2,9.7,Inactive
EMP0808,46,Male,Operations,Bengaluru,25.2,113018.47,3,16.3,Active
EMP0809,45,Female,Finance,Chennai,14.1,90031.68,2,13.4,Inactive
EMP0810,31,Male,IT,Chennai,29.4,121970.91,1,27.5,Active
EMP0811,43,Female,Operations,Bengaluru,19.0,99004.83,4,17.1,Active
EMP0812,54,Female,Marketing,Mumbai,3.8,35256.21,2,32.3,Active
EMP0813,60,Male,IT,Pune,20.3,123697.96,4,26.5,On Leave
EMP0814,43,Female,Operations,Mumbai,9.8,74519.26,4,48.6,Active
EMP0815,49,Male,Operations,Chennai,20.6,109833.37,3,30.1,Active
EMP0816,51,Male,Finance,Pune,2.1,59518.05,3,25.2,Active
EMP0817,27,Male,Sales,Hyderabad,5.2,47608.67,2,33.1,Active
EMP0818,60,Male,Finance,Pune,25.7,143928.91,4,14.1,Active
EMP0819,53,Male,IT,Mumbai,6.8,74257.53,4,26.3,Active
EMP0820,41,Male,HR,Bengaluru,25.1,118957.56,4,9.2,Active
EMP0821,22,Female,Marketing,Hyderabad,8.4,73484.96,1,22.9,Active
EMP0822,38,Female,IT,Mumbai,19.3,101699.65,5,50.8,Active
EMP0823,53,Female,HR,Hyderabad,20.8,99203.89,2,22.6,Active
EMP0824,57,Male,Finance,Pune,15.4,89031.28,3,34.1,Active
EMP0825,54,Female,Sales,Chennai,9.2,64968.18,3,9.7,Active
EMP0826,40,Female,Operations,Mumbai,6.4,47947.54,1,23.2,On Leave
EMP0827,55,Female,HR,Bengaluru,1.0,46284.66,3,28.4,Active
EMP0828,38,Female,HR,Pune,9.1,62779.16,4,17.2,Active
EMP0829,44,Female,Marketing,Mumbai,19.6,106420.04,4,22.2,Active
EMP0830,28,Male,Finance,Bengaluru,28.1,133787.19,4,39.9,Active
EMP0831,50,Female,IT,Mumbai,26.1,119785.17,3,23.3,Active
EMP0832,30,Male,Finance,Pune,23.0,122660.46,4,16.7,Active
EMP0833,43,Female,IT,Mumbai,23.7,110651.96,2,11.6,Active
EMP0834,31,Male,IT,Hyderabad,19.9,112100.93,3,20.4,Inactive
EMP0835,22,Male,Finance,Pune,7.8,56353.48,2,12.4,On Leave
EMP0836,46,Male,Finance,Mumbai,27.2,151098.21,3,19.3,Active
EMP0837,56,Female,Operations,Chennai,20.1,111640.9,3,28.8,Active
EMP0838,53,Male,HR,Mumbai,16.8,92646.03,3,17.4,On Leave
EMP0839,33,Male,Sales,Hyderabad,3.3,58659.65,3,28.8,Active
EMP0840,60,Female,Sales,Bengaluru,13.4,77129.47,5,4.8,Active
EMP0841,45,Female,IT,Bengaluru,13.8,95647.84,3,16.6,Active
EMP0842,24,Male,Sales,Bengaluru,25.9,129248.48,5,28.6,Active
EMP0843,39,Male,IT,Chennai,16.4,102512.16,4,14.2,Active
EMP0844,38,Female,Operations,Hyderabad,11.4,84078.83,3,9.5,Inactive
EMP0845,57,Female,IT,Pune,29.3,151409.94,4,64.5,Inactive
EMP0846,50,Male,Finance,Bengaluru,3.3,53859.79,2,12.2,Active
EMP0847,39,Female,IT,Hyderabad,12.7,74210.9,4,18.0,Inactive
EMP0848,43,Male,Operations,Mumbai,1.3,30869.63,3,9.3,Active
EMP0849,36,Female,Finance,Chennai,22.2,116718.33,5,30.9,Active
EMP0850,21,Female,Sales,Hyderabad,27.5,133996.98,4,25.2,Active
EMP0851,32,Male,IT,Hyderabad,8.4,63358.37,4,7.2,Active
EMP0852,44,Male,Marketing,Pune,25.8,144593.41,4,20.5,Active
EMP0853,54,Female,IT,Hyderabad,8.8,85931.15,3,28.9,Active
EMP0854,28,Female,Operations,Pune,27.3,134366.95,3,50.8,On Leave
EMP0855,38,Male,IT,Chennai,22.6,122676.29,3,25.8,Inactive
EMP0856,25,Female,IT,Chennai,24.1,125652.33,3,18.8,Active
EMP0857,46,Female,IT,Mumbai,0.5,37134.65,3,9.3,Active
EMP0858,50,Male,Finance,Pune,28.9,141769.84,5,8.7,Active
EMP0859,33,Female,Sales,Pune,21.8,115362.02,3,2.4,Active
EMP0860,39,Female,IT,Bengaluru,9.1,64915.92,5,32.6,On Leave
EMP0861,49,Female,Marketing,Bengaluru,24.9,124823.41,4,38.4,Active
EMP0862,23,Male,Finance,Mumbai,8.4,68157.93,3,7.3,Active
EMP0863,46,Male,Finance,Chennai,26.2,116437.54,5,19.4,Active
EMP0864,60,Male,Finance,Coimbatore,3.4,45016.92,3,19.4,Inactive
EMP0865,32,Female,Finance,Bengaluru,21.1,110541.16,5,21.7,Active
EMP0866,22,Female,Sales,Hyderabad,16.2,108801.5,3,24.7,Active
EMP0867,31,Female,IT,Chennai,2.9,57602.42,3,20.3,Active
EMP0868,48,Female,IT,Coimbatore,7.3,57866.15,3,18.8,Inactive
EMP0869,38,Male,Operations,Hyderabad,0.4,39288.29,3,22.1,Active
EMP0870,33,Female,Operations,Pune,14.1,70971.57,3,39.8,Active
EMP0871,57,Male,HR,Chennai,9.0,73161.53,3,20.0,On Leave
EMP0872,42,Female,IT,Mumbai,18.0,102231.0,3,27.4,Active
EMP0873,32,Male,Sales,Pune,8.9,67400.91,5,16.1,Active
EMP0874,22,Female,Finance,Pune,9.0,82106.37,3,19.7,Active
EMP0875,57,Female,IT,Hyderabad,22.3,110752.69,3,27.5,Active
EMP0876,27,Female,IT,Pune,1.4,36723.05,4,25.5,Active
EMP0877,46,Male,Sales,Bengaluru,27.1,127181.21,4,33.9,Active
EMP0878,46,Male,Sales,Chennai,25.6,134907.03,5,24.7,Active
EMP0879,44,Female,IT,Bengaluru,20.0,100845.23,3,11.1,Active
EMP0880,32,Female,IT,Hyderabad,17.8,82642.76,2,3.9,Active
EMP0881,36,Male,IT,Coimbatore,26.8,133190.73,3,41.6,Active
EMP0882,43,Female,Sales,Hyderabad,5.6,61013.93,3,14.6,On Leave
EMP0883,60,Male,IT,Chennai,2.4,61002.09,5,10.5,Active
EMP0884,29,Male,IT,Pune,7.2,64494.71,3,26.2,Active
EMP0885,52,Female,Marketing,Mumbai,23.8,115008.59,5,30.4,Inactive
EMP0886,35,Female,IT,Hyderabad,1.0,55731.21,3,29.5,Active
EMP0887,57,Female,Sales,Chennai,17.5,83292.07,5,7.0,Active
EMP0888,33,Female,IT,Mumbai,29.9,144541.83,1,16.6,Active
EMP0889,25,Male,IT,Pune,25.7,134473.39,5,34.9,Inactive
EMP0890,31,Male,IT,Coimbatore,15.6,101193.75,5,23.7,Active
EMP0891,30,Male,Sales,Hyderabad,1.9,39571.55,5,36.9,On Leave
EMP0892,33,Male,Operations,Coimbatore,24.9,121425.53,1,5.2,Inactive
EMP0893,35,Female,Marketing,Chennai,18.0,78093.38,2,9.1,Active
EMP0894,27,Male,Finance,Coimbatore,3.4,46634.01,4,55.2,Active
EMP0895,60,Male,Sales,Coimbatore,2.8,50428.07,1,32.5,Active
EMP0896,48,Male,IT,Chennai,27.3,130691.65,2,4.8,Active
EMP0897,52,Male,HR,Chennai,20.1,103821.87,3,11.0,Active
EMP0898,55,Male,Operations,Hyderabad,24.9,124724.98,3,11.2,Active
EMP0899,35,Female,IT,Coimbatore,26.4,132659.61,3,29.0,Active
EMP0900,56,Female,IT,Mumbai,17.2,104563.71,1,9.3,Active
EMP0901,41,Female,IT,Chennai,15.5,89548.14,2,9.7,Active
EMP0902,26,Female,IT,Pune,12.9,86497.11,3,12.9,Active
EMP0903,21,Male,IT,Coimbatore,9.5,81131.73,3,39.4,Active
EMP0904,24,Female,Sales,Chennai,13.0,83755.78,2,34.4,Active
EMP0905,31,Male,Finance,Mumbai,23.2,116507.75,3,23.6,On Leave
EMP0906,46,Male,Operations,Hyderabad,18.1,99143.73,5,14.4,Active
EMP0907,57,Female,Marketing,Coimbatore,26.8,134516.88,5,34.2,Active
EMP0908,43,Male,HR,Chennai,13.3,63150.47,5,31.9,Active
EMP0909,49,Female,IT,Chennai,18.2,115972.59,5,40.2,Active
EMP0910,41,Male,HR,Pune,18.9,96459.96,3,27.6,Active
EMP0911,47,Female,Sales,Pune,17.8,102703.92,4,21.0,Active
EMP0912,59,Male,IT,Coimbatore,21.1,126427.98,3,19.1,On Leave
EMP0913,60,Male,Sales,Chennai,7.1,50876.61,4,33.0,Active
EMP0914,33,Female,Finance,Coimbatore,15.4,88224.47,3,15.3,Active
EMP0915,43,Male,Sales,Chennai,3.1,45541.61,4,20.1,Active
EMP0916,36,Male,Finance,Pune,11.5,73979.97,3,14.2,Active
EMP0917,50,Male,HR,Mumbai,14.6,97979.49,1,11.6,Active
EMP0918,24,Female,Operations,Bengaluru,19.6,95745.82,4,19.2,Active
EMP0919,60,Female,Marketing,Bengaluru,28.5,130305.63,1,11.3,Active
EMP0920,36,Male,IT,Chennai,18.0,107635.11,3,10.4,Active
EMP0921,51,Female,Operations,Pune,22.3,102432.8,1,8.7,Active
EMP0922,45,Female,Finance,Hyderabad,15.2,90034.55,3,50.4,Active
EMP0923,32,Female,Operations,Hyderabad,19.0,103039.63,2,24.2,Active
EMP0924,46,Female,Marketing,Bengaluru,2.1,39687.12,5,41.7,Active
EMP0925,57,Male,Finance,Mumbai,7.6,65852.91,3,66.0,Active
EMP0926,53,Female,IT,Bengaluru,10.9,76915.34,3,4.9,Active
EMP0927,48,Male,IT,Chennai,14.2,80584.24,3,77.5,Active
EMP0928,29,Male,Sales,Mumbai,1.4,44472.75,4,22.1,Active
EMP0929,32,Female,Sales,Hyderabad,4.2,65739.46,4,13.2,Inactive
EMP0930,25,Female,IT,Pune,8.3,72197.21,4,10.1,Active
EMP0931,48,Male,IT,Pune,29.1,146652.11,4,38.5,Active
EMP0932,55,Male,Marketing,Chennai,9.9,75191.78,5,23.4,Active
EMP0933,25,Female,Operations,Bengaluru,14.5,74595.36,4,35.3,Active
EMP0934,54,Male,Finance,Chennai,5.9,74270.12,4,16.2,Inactive
EMP0935,54,Male,IT,Pune,18.3,108668.63,3,20.2,Active
EMP0936,33,Male,IT,Hyderabad,8.4,85454.86,4,9.1,Active
EMP0937,59,Male,IT,Pune,6.2,58835.74,3,12.6,Active
EMP0938,34,Female,Operations,Mumbai,15.5,102794.5,4,39.2,Active
EMP0939,31,Male,IT,Coimbatore,0.2,49901.24,4,7.6,Active
EMP0940,58,Female,Sales,Pune,0.2,42124.32,4,33.3,Active
EMP0941,24,Male,IT,Pune,6.6,67972.2,4,33.1,On Leave
EMP0942,53,Female,Sales,Coimbatore,1.1,38861.77,2,19.0,Active
EMP0943,27,Female,Sales,Mumbai,3.2,57804.25,1,38.6,Active
EMP0944,28,Female,Marketing,Bengaluru,10.2,71822.88,3,27.8,Active
EMP0945,57,Female,IT,Pune,24.1,111613.44,5,12.4,Inactive
EMP0946,30,Female,IT,Chennai,17.2,94262.51,4,15.4,On Leave
EMP0947,35,Male,IT,Pune,15.4,95413.23,4,23.1,Active
EMP0948,58,Female,Operations,Chennai,8.8,67279.99,4,20.6,Active
EMP0949,35,Female,Operations,Mumbai,28.0,131547.29,4,35.6,Active
EMP0950,25,Male,Sales,Pune,11.9,88401.77,5,12.1,Active
EMP0951,49,Male,Sales,Mumbai,2.6,30491.19,4,10.1,On Leave
EMP0952,39,Female,Sales,Mumbai,18.5,102898.7,4,5.6,Active
EMP0953,30,Female,IT,Bengaluru,3.4,40356.17,4,10.5,Active
EMP0954,32,Male,Operations,Pune,10.4,76477.7,3,34.6,Active
EMP0955,24,Male,Finance,Chennai,15.2,92444.33,4,43.8,Active
EMP0956,51,Female,Finance,Chennai,26.2,135056.88,3,45.5,Inactive
EMP0957,38,Male,Finance,Pune,14.8,84888.94,2,19.8,Active
EMP0958,36,Female,IT,Coimbatore,21.1,127085.72,4,28.6,Active
EMP0959,60,Female,IT,Bengaluru,29.8,155633.8,3,32.5,On Leave
EMP0960,56,Female,Marketing,Bengaluru,3.9,53318.35,5,42.1,Active
EMP0961,45,Male,IT,Bengaluru,8.2,70663.86,3,30.8,Active
EMP0962,43,Female,Sales,Chennai,11.8,82938.86,3,35.7,Active
EMP0963,32,Female,IT,Mumbai,12.7,81794.86,3,45.4,Active
EMP0964,54,Female,Finance,Coimbatore,12.3,89894.45,2,35.0,Active
EMP0965,56,Male,HR,Bengaluru,27.2,141395.85,3,9.9,Active
EMP0966,57,Male,HR,Chennai,21.4,116464.88,3,0.9,Active
EMP0967,23,Female,Sales,Chennai,18.2,94863.18,2,24.8,Active
EMP0968,29,Male,HR,Mumbai,9.3,68441.34,3,25.9,Active
EMP0969,38,Male,Sales,Pune,24.7,113104.87,3,23.9,Active
EMP0970,55,Male,Finance,Pune,28.7,145029.12,4,35.0,Active
EMP0971,54,Female,Sales,Bengaluru,24.6,126704.83,1,30.8,Inactive
EMP0972,34,Male,Operations,Bengaluru,0.0,25000.0,4,40.8,Active
EMP0973,24,Male,Marketing,Coimbatore,19.1,92555.73,4,18.7,Active
EMP0974,49,Male,IT,Mumbai,1.5,45984.89,3,52.4,Inactive
EMP0975,35,Female,IT,Bengaluru,7.7,67543.12,5,10.2,Active
EMP0976,48,Male,IT,Mumbai,1.8,39624.18,4,19.4,Active
EMP0977,36,Male,Sales,Chennai,18.1,103461.83,4,20.6,Active
EMP0978,32,Male,IT,Bengaluru,20.6,117111.79,2,30.3,Active
EMP0979,25,Female,Finance,Chennai,3.4,50345.85,4,13.1,Active
EMP0980,54,Male,Sales,Hyderabad,11.5,71203.67,4,6.5,On Leave
EMP0981,21,Male,HR,Mumbai,13.7,89339.66,3,26.7,Active
EMP0982,59,Male,Marketing,Hyderabad,11.1,87093.26,3,13.5,Active
EMP0983,52,Female,IT,Bengaluru,3.6,51731.51,3,23.0,Active
EMP0984,46,Female,IT,Chennai,12.6,82202.66,4,12.2,Active
EMP0985,37,Female,Sales,Bengaluru,22.5,119679.66,3,14.3,Inactive
EMP0986,47,Female,Finance,Hyderabad,2.1,44485.76,4,17.6,Active
EMP0987,44,Male,Sales,Bengaluru,2.4,44284.82,2,36.6,Active
EMP0988,55,Female,Finance,Coimbatore,10.6,83017.23,4,8.2,Active
EMP0989,59,Male,IT,Pune,28.3,126775.15,3,10.1,Active
EMP0990,46,Female,Marketing,Hyderabad,20.1,115896.42,3,36.1,Active
EMP0991,58,Male,Marketing,Bengaluru,20.4,106981.44,3,11.6,Active
EMP0992,43,Male,Sales,Chennai,10.9,71858.05,2,25.9,Inactive
EMP0993,42,Female,IT,Bengaluru,17.8,104586.13,1,37.3,Active
EMP0994,24,Male,Sales,Chennai,0.3,37749.43,3,19.6,Active
EMP0995,29,Female,HR,Pune,19.1,86000.39,3,26.7,Active
EMP0996,24,Male,IT,Bengaluru,27.4,150859.51,5,37.7,Active
EMP0997,27,Male,Operations,Pune,18.4,98730.61,4,15.7,Active
EMP0998,43,Female,IT,Hyderabad,26.2,138244.02,3,33.8,Active
EMP0999,22,Female,Operations,Chennai,21.7,117562.4,1,29.0,Active
EMP1000,44,Female,Finance,Coimbatore,3.6,44430.7,3,36.8,Active
EMP1001,60,Male,IT,Hyderabad,27.1,141637.78,4,54.5,Active
EMP1002,51,Male,Sales,Chennai,2.0,41858.87,3,48.2,On Leave
EMP1003,51,Female,Operations,Pune,16.0,96774.17,2,12.6,Active
EMP1004,60,Female,Marketing,Mumbai,4.3,33032.18,3,34.4,Active
EMP1005,54,Male,Marketing,Bengaluru,0.4,35607.25,4,23.6,Active
EMP1006,44,Female,Sales,Pune,12.7,76627.43,3,12.9,Active
EMP1007,46,Female,Sales,Chennai,8.9,71608.1,4,12.3,Active
EMP1008,36,Female,Marketing,Chennai,14.6,89860.35,3,4.0,Active
EMP1009,33,Female,IT,Chennai,17.3,97888.99,2,34.3,Active
EMP1010,35,Female,Finance,Chennai,1.3,38852.61,3,25.4,Active
EMP1011,47,Male,IT,Bengaluru,3.7,55064.68,3,17.0,Active
EMP1012,24,Male,Operations,Hyderabad,16.8,85626.86,1,13.7,Active
EMP1013,36,Female,Operations,Coimbatore,10.3,76785.87,2,54.3,Active
EMP1014,50,Male,IT,Mumbai,21.9,116696.34,2,28.1,On Leave
EMP1015,50,Male,Sales,Bengaluru,19.6,82344.09,2,40.5,Active
EMP1016,56,Male,Operations,Chennai,25.4,119901.42,3,16.7,Inactive
EMP1017,23,Male,IT,Bengaluru,20.8,107491.65,5,2.1,Inactive
EMP1018,42,Female,Sales,Pune,12.9,69099.79,3,34.5,Inactive
EMP1019,42,Female,Operations,Coimbatore,20.2,94800.59,4,19.1,Active
EMP1020,32,Male,IT,Chennai,8.3,72925.27,3,6.8,On Leave
EMP1021,41,Male,Sales,Mumbai,9.2,79829.13,3,5.0,Active
EMP1022,24,Female,HR,Chennai,23.7,118455.48,1,30.0,Active
EMP1023,51,Female,Operations,Coimbatore,13.4,76047.97,3,24.0,Active
EMP1024,51,Female,Operations,Mumbai,24.0,121647.23,3,28.0,Active
EMP1025,43,Female,Operations,Coimbatore,24.7,116777.28,2,17.6,Active
EMP1026,40,Male,Finance,Mumbai,25.7,124393.2,4,39.0,Active
EMP1027,35,Male,Operations,Hyderabad,27.5,121015.1,3,23.5,Active
EMP1028,43,Female,Marketing,Hyderabad,12.9,66135.37,3,43.2,Active
EMP1029,48,Female,HR,Bengaluru,9.6,63480.61,2,11.0,Active
EMP1030,36,Female,Marketing,Bengaluru,17.5,97514.43,3,23.9,Active
EMP1031,57,Male,IT,Mumbai,11.1,81077.01,4,22.3,On Leave
EMP1032,41,Female,Sales,Chennai,18.0,96672.26,3,12.8,Active
EMP1033,35,Female,IT,Pune,21.2,109634.03,3,27.8,Active
EMP1034,37,Male,IT,Pune,20.7,120315.97,3,6.8,On Leave
EMP1035,57,Male,IT,Chennai,11.2,71662.94,2,16.7,Active
EMP1036,33,Male,Sales,Chennai,5.0,60708.22,4,25.7,Active
EMP1037,39,Male,HR,Hyderabad,12.9,70132.26,4,10.7,Inactive
EMP1038,50,Male,Sales,Pune,4.3,46030.52,2,21.0,On Leave
EMP1039,38,Male,IT,Mumbai,26.7,124715.72,1,38.1,Active
EMP1040,34,Female,HR,Coimbatore,10.4,65388.78,4,21.8,Active
EMP1041,56,Male,Sales,Bengaluru,4.6,60902.5,3,21.1,Inactive
EMP1042,56,Male,Marketing,Coimbatore,0.8,41925.02,2,31.1,Active
EMP1043,40,Female,HR,Hyderabad,19.4,108727.38,4,9.0,Active
EMP1044,39,Female,Sales,Pune,19.1,108027.14,3,6.2,Active
EMP1045,27,Female,Operations,Chennai,10.2,60870.64,3,29.5,Active
EMP1046,24,Male,Sales,Pune,2.2,42053.69,3,29.6,Active
EMP1047,54,Female,IT,Mumbai,12.3,79808.41,4,22.2,Active
EMP1048,22,Male,IT,Hyderabad,9.3,86194.6,3,56.2,Active
EMP1049,25,Female,Operations,Chennai,20.3,95475.69,5,7.5,Active
EMP1050,30,Male,IT,Coimbatore,18.2,113849.58,4,9.4,Active
EMP1051,52,Female,Operations,Mumbai,10.9,79293.63,2,14.2,Active
EMP1052,33,Male,Finance,Coimbatore,6.5,77386.96,3,40.7,Active
EMP1053,59,Female,Operations,Bengaluru,29.6,134322.51,3,31.3,On Leave
EMP1054,25,Male,Marketing,Hyderabad,13.6,88298.58,3,61.5,Inactive
EMP1055,30,Male,Operations,Mumbai,20.6,124353.21,4,11.3,Active
EMP1056,30,Male,HR,Mumbai,4.2,42758.87,3,19.9,Active
EMP1057,58,Female,Marketing,Coimbatore,14.6,73819.68,2,34.9,Active
EMP1058,47,Female,Finance,Chennai,0.8,27759.92,4,6.9,Inactive
EMP1059,41,Female,Finance,Bengaluru,15.2,98901.7,1,24.0,Active
EMP1060,28,Male,Sales,Coimbatore,28.9,123084.8,4,38.7,Inactive
EMP1061,21,Male,Operations,Mumbai,11.5,71271.45,4,49.5,Active
EMP1062,48,Female,Operations,Hyderabad,1.2,41698.51,3,18.6,Active
EMP1063,59,Male,Marketing,Mumbai,0.9,39631.4,3,19.7,Active
EMP1064,34,Female,Finance,Pune,11.6,84003.56,4,3.9,Active
EMP1065,41,Female,Finance,Hyderabad,4.8,58578.32,4,12.4,Inactive
EMP1066,50,Female,Marketing,Hyderabad,0.7,47680.93,3,17.1,Active
EMP1067,41,Male,IT,Mumbai,22.7,114831.47,3,17.5,Active
EMP1068,29,Male,IT,Chennai,13.8,85884.04,3,12.7,Active
EMP1069,37,Male,HR,Hyderabad,8.7,57268.72,1,22.9,Active
EMP1070,25,Female,HR,Pune,27.0,134141.53,2,23.3,Active
EMP1071,51,Male,HR,Coimbatore,3.5,52453.19,2,16.9,Active
EMP1072,60,Male,IT,Chennai,28.7,147059.8,2,20.0,Active
EMP1073,58,Male,IT,Chennai,9.4,85367.95,3,22.7,Active
EMP1074,39,Male,IT,Chennai,26.7,127025.67,5,30.4,Active
EMP1075,56,Female,Operations,Hyderabad,18.1,110687.79,4,16.1,Active
EMP1076,53,Female,Finance,Chennai,24.8,138985.91,2,21.4,Active
EMP1077,33,Male,Finance,Mumbai,29.5,149134.98,3,6.3,Active
EMP1078,34,Male,Sales,Chennai,8.7,81704.39,3,22.2,Active
EMP1079,53,Female,IT,Pune,28.8,130547.01,2,63.5,Active
EMP1080,49,Male,Operations,Bengaluru,11.7,70754.41,5,44.7,Active
EMP1081,56,Female,Marketing,Pune,11.6,69717.57,3,20.2,Active
EMP1082,30,Female,IT,Hyderabad,10.2,84471.83,5,28.0,Active
EMP1083,51,Male,Finance,Chennai,16.2,88298.87,3,12.4,Active
EMP1084,26,Female,Operations,Chennai,4.6,56159.96,4,16.7,Active
EMP1085,21,Female,Operations,Mumbai,16.6,103064.29,2,12.6,On Leave
EMP1086,27,Male,Finance,Coimbatore,16.3,102611.62,3,25.3,Active
EMP1087,47,Male,Sales,Chennai,22.9,119420.01,3,33.9,Active
EMP1088,41,Male,IT,Pune,25.0,122597.01,4,24.5,Active
EMP1089,48,Male,Operations,Hyderabad,13.2,73425.19,4,24.7,Active
EMP1090,36,Female,IT,Bengaluru,9.1,84846.95,4,12.1,Active
EMP1091,43,Female,Operations,Chennai,7.8,67534.79,4,6.4,Inactive
EMP1092,40,Female,Sales,Bengaluru,5.8,56987.84,4,27.9,Active
EMP1093,58,Male,Sales,Chennai,1.7,39606.72,3,43.5,Active
EMP1094,45,Male,Finance,Hyderabad,10.3,59843.54,3,17.8,Active
EMP1095,48,Female,IT,Coimbatore,8.1,62783.18,4,5.6,Active
EMP1096,25,Male,IT,Pune,29.0,159791.35,4,16.5,Active
EMP1097,41,Female,IT,Hyderabad,16.7,91206.36,4,18.8,Inactive
EMP1098,38,Male,IT,Bengaluru,10.4,80915.84,3,38.0,On Leave
EMP1099,26,Female,Marketing,Chennai,17.4,103959.55,2,32.8,Active
EMP1100,49,Female,HR,Bengaluru,4.2,37660.62,5,21.6,On Leave
EMP1101,39,Male,IT,Pune,13.3,91027.68,3,43.7,Active
EMP1102,53,Male,Operations,Hyderabad,18.8,107303.32,2,20.5,Active
EMP1103,21,Male,Operations,Bengaluru,14.7,85549.99,4,17.9,Active
EMP1104,23,Male,Operations,Bengaluru,12.1,99297.22,5,10.9,Active
EMP1105,41,Female,Operations,Pune,29.8,124951.21,2,12.0,Active
EMP1106,55,Female,IT,Chennai,26.4,143869.83,4,14.1,On Leave
EMP1107,60,Female,Finance,Bengaluru,18.7,104067.59,5,20.0,Inactive
EMP1108,23,Female,Marketing,Pune,17.1,101025.36,5,16.0,Active
EMP1109,45,Male,Sales,Chennai,18.6,105630.46,5,40.8,Active
EMP1110,58,Male,IT,Coimbatore,6.0,58134.75,3,20.4,Active
EMP1111,40,Male,Marketing,Chennai,11.9,78481.97,3,19.3,Active
EMP1112,54,Female,IT,Coimbatore,1.2,32336.79,1,25.9,Active
EMP1113,41,Male,IT,Hyderabad,14.3,97875.98,2,28.6,Active
EMP1114,43,Female,Sales,Pune,16.3,96435.27,3,9.1,On Leave
EMP1115,26,Male,Sales,Chennai,6.8,65909.28,3,17.5,Inactive
EMP1116,33,Female,Sales,Coimbatore,28.9,146614.95,2,13.7,Active
EMP1117,43,Female,IT,Coimbatore,27.3,141490.96,3,18.6,Active
EMP1118,29,Male,Operations,Hyderabad,21.7,111134.72,2,12.1,Active
EMP1119,37,Male,IT,Mumbai,16.0,91951.45,4,36.6,Active
EMP1120,22,Female,IT,Pune,26.1,128652.23,3,16.9,Active
EMP1121,39,Male,Operations,Mumbai,3.9,57143.88,3,24.6,Active
EMP1122,39,Male,Operations,Chennai,23.7,128440.68,3,15.0,Active
EMP1123,27,Female,Operations,Pune,3.7,45045.12,2,12.2,Active
EMP1124,40,Male,Marketing,Hyderabad,23.8,118668.02,5,20.6,Active
EMP1125,29,Female,Sales,Chennai,8.3,58813.09,3,20.4,Inactive
EMP1126,37,Female,Sales,Pune,26.3,138432.05,3,26.1,Active
EMP1127,47,Male,IT,Pune,28.3,147373.33,2,21.0,Inactive
EMP1128,22,Male,Finance,Mumbai,4.5,71279.74,3,10.0,Active
EMP1129,56,Male,HR,Chennai,13.9,74623.42,1,6.8,Active
EMP1130,39,Female,IT,Hyderabad,29.4,142875.94,3,12.7,Active
EMP1131,37,Male,Sales,Hyderabad,14.5,89601.57,3,14.1,Active
EMP1132,25,Female,Finance,Chennai,25.9,135821.92,4,4.2,Active
EMP1133,59,Male,IT,Chennai,17.7,103224.66,4,38.7,Active
EMP1134,38,Male,IT,Coimbatore,11.3,75566.31,2,22.1,Active
EMP1135,27,Male,Sales,Bengaluru,8.6,74151.26,2,9.8,Active
EMP1136,37,Male,IT,Mumbai,6.1,70119.08,3,33.8,Inactive
EMP1137,59,Male,Operations,Chennai,22.9,106819.81,2,33.3,Active
EMP1138,56,Female,Finance,Chennai,11.6,91443.54,1,24.7,Active
EMP1139,60,Male,Finance,Bengaluru,15.3,102911.59,4,42.7,Active
EMP1140,24,Male,Sales,Bengaluru,14.8,89874.37,1,2.2,Active
EMP1141,58,Male,Marketing,Pune,17.3,96186.78,4,20.1,On Leave
EMP1142,45,Female,HR,Hyderabad,26.0,128432.46,2,14.2,Active
EMP1143,25,Female,Sales,Mumbai,29.4,133006.38,5,34.4,Active
EMP1144,50,Male,Sales,Pune,12.2,79940.25,4,20.4,Active
EMP1145,32,Female,IT,Chennai,24.8,112580.93,4,33.0,Active
EMP1146,24,Male,Operations,Bengaluru,22.9,121161.65,2,26.1,Active
EMP1147,44,Female,Marketing,Coimbatore,17.2,82708.05,4,30.3,Active
EMP1148,49,Male,Sales,Hyderabad,28.7,149477.36,4,28.4,Inactive
EMP1149,29,Male,Operations,Pune,6.0,52359.04,4,47.6,Inactive
EMP1150,24,Female,Operations,Coimbatore,3.3,43856.66,3,14.3,Active
EMP1151,44,Male,Sales,Hyderabad,25.6,121578.13,4,18.3,Active
EMP1152,34,Female,Marketing,Coimbatore,13.2,78895.69,1,26.2,Active
EMP1153,25,Male,Sales,Bengaluru,25.4,137248.25,3,35.6,Active
EMP1154,38,Female,Sales,Pune,26.8,110897.53,4,30.3,Active
EMP1155,39,Female,Sales,Pune,1.9,53865.72,3,25.8,Active
EMP1156,32,Male,Marketing,Hyderabad,26.5,130454.19,2,18.0,On Leave
EMP1157,38,Female,IT,Coimbatore,13.4,80243.83,3,25.8,Active
EMP1158,37,Female,Operations,Bengaluru,15.3,78947.5,4,8.4,Active
EMP1159,50,Female,Operations,Chennai,18.8,113211.14,2,15.0,Active
EMP1160,44,Male,IT,Pune,27.8,132735.94,3,38.2,Active
EMP1161,31,Female,Marketing,Chennai,0.6,27873.2,2,37.4,Active
EMP1162,55,Male,IT,Bengaluru,14.3,102148.52,4,34.0,Active
EMP1163,43,Male,HR,Pune,20.6,107808.42,2,41.9,Active
EMP1164,37,Female,Marketing,Pune,21.7,103446.6,4,27.8,Active
EMP1165,21,Female,IT,Coimbatore,20.8,117533.0,3,35.6,Active
EMP1166,35,Male,Marketing,Chennai,4.0,40793.98,4,49.1,Active
EMP1167,52,Male,Marketing,Coimbatore,9.0,75306.57,5,17.6,Active
EMP1168,29,Male,Finance,Mumbai,10.8,86290.97,2,10.6,Active
EMP1169,35,Male,IT,Chennai,24.1,131606.05,3,11.1,Active
EMP1170,48,Male,HR,Chennai,8.4,65293.29,4,35.2,Inactive
EMP1171,44,Female,Sales,Mumbai,6.3,73139.5,3,74.4,Active
EMP1172,55,Male,Operations,Bengaluru,28.7,134447.49,3,37.9,On Leave
EMP1173,42,Female,Sales,Bengaluru,0.3,28595.01,4,12.4,Active
EMP1174,47,Female,IT,Pune,29.9,151245.79,5,15.0,Active
EMP1175,39,Male,Sales,Hyderabad,20.3,124738.38,3,30.5,Active
EMP1176,32,Male,Sales,Coimbatore,24.9,116031.92,3,12.0,Active
EMP1177,40,Male,Marketing,Hyderabad,8.8,62908.3,3,23.3,Active
EMP1178,21,Male,IT,Pune,0.4,47731.57,2,17.5,Active
EMP1179,41,Female,Marketing,Hyderabad,22.1,111918.76,4,24.9,Active
EMP1180,21,Male,Sales,Chennai,25.0,116641.57,4,18.4,Active
EMP1181,30,Female,Operations,Chennai,22.2,120674.86,4,25.4,Active
EMP1182,52,Male,HR,Mumbai,4.3,66610.33,1,30.0,Active
EMP1183,59,Male,Sales,Mumbai,22.6,117669.05,3,26.7,Active
EMP1184,42,Male,Operations,Pune,23.1,107617.45,3,16.1,Active
EMP1185,38,Male,IT,Pune,19.8,99908.32,3,18.1,Active
EMP1186,52,Male,Operations,Pune,23.0,116563.81,4,35.9,Active
EMP1187,47,Male,Sales,Chennai,25.4,134731.02,2,2.3,Active
EMP1188,48,Female,IT,Hyderabad,18.4,111201.34,4,28.9,Active
EMP1189,38,Female,HR,Coimbatore,2.7,42430.77,4,16.2,Active
EMP1190,59,Male,Sales,Pune,14.6,83385.83,5,44.1,Active
EMP1191,49,Male,IT,Pune,2.3,42312.69,4,33.4,Active
EMP1192,38,Male,Sales,Chennai,12.2,86378.01,4,7.7,Active
EMP1193,28,Male,HR,Coimbatore,12.2,83010.17,3,14.2,Active
EMP1194,51,Male,Sales,Chennai,2.0,31634.16,2,31.8,Inactive
EMP1195,54,Male,IT,Coimbatore,10.5,92468.71,3,35.0,Active
EMP1196,27,Male,Operations,Chennai,3.3,50142.57,3,7.2,Active
EMP1197,56,Male,Operations,Hyderabad,24.2,129896.76,4,2.2,Active
EMP1198,38,Male,Operations,Pune,28.4,122662.98,4,14.3,Active
EMP1199,58,Male,Marketing,Bengaluru,2.2,31773.41,3,15.9,Active
EMP1200,29,Female,IT,Bengaluru,28.7,142258.25,3,10.5,Active
EMP1201,29,Male,Marketing,Pune,15.7,93972.28,2,20.3,Active
EMP1202,28,Male,IT,Pune,9.0,88870.89,4,20.4,Active
EMP1203,55,Female,IT,Pune,2.3,56698.63,4,29.4,Active
EMP1204,38,Female,HR,Pune,15.0,83558.55,4,13.0,Active
EMP1205,25,Female,Finance,Coimbatore,23.8,115089.05,3,4.4,Active
EMP1206,34,Female,Marketing,Hyderabad,21.2,119040.0,3,18.3,Active
EMP1207,48,Male,Sales,Bengaluru,1.5,34532.36,4,6.6,Active
EMP1208,50,Female,Finance,Mumbai,2.2,60727.75,4,29.6,Active
EMP1209,24,Female,IT,Bengaluru,12.1,83074.92,3,36.0,Active
EMP1210,59,Male,Operations,Bengaluru,8.9,77874.66,4,18.8,Active
EMP1211,40,Male,Finance,Chennai,7.0,69931.45,3,12.2,Active
EMP1212,45,Female,Finance,Pune,8.4,68304.04,4,11.7,Active
EMP1213,48,Male,IT,Pune,24.1,123194.83,4,32.7,Active
EMP1214,32,Male,Marketing,Pune,27.9,129922.74,4,27.6,Active
EMP1215,22,Male,Sales,Chennai,12.2,83126.53,3,32.0,Active
EMP1216,34,Male,IT,Hyderabad,27.2,138817.25,3,22.5,Active
EMP1217,42,Male,IT,Hyderabad,9.6,71849.51,4,14.5,Active
EMP1218,51,Female,Sales,Mumbai,14.3,85724.95,4,9.7,Active
EMP1219,43,Female,Sales,Hyderabad,6.8,61428.62,3,40.3,Active
EMP1220,40,Male,IT,Hyderabad,19.2,93170.13,4,17.1,Active
EMP1221,58,Female,Operations,Pune,29.4,140565.34,2,51.3,Active
EMP1222,24,Male,IT,Coimbatore,18.1,98512.23,5,28.3,Active
EMP1223,35,Male,Finance,Bengaluru,10.7,68223.34,4,74.3,Active
EMP1224,44,Female,Operations,Hyderabad,19.4,88401.25,3,14.5,Active
EMP1225,45,Female,Finance,Hyderabad,3.7,38598.86,3,55.6,Active
EMP1226,21,Female,Sales,Chennai,26.7,119606.42,1,56.5,Active
EMP1227,27,Female,Finance,Mumbai,15.1,87177.83,1,23.6,Active
EMP1228,51,Female,IT,Coimbatore,13.5,105876.07,3,12.1,Active
EMP1229,32,Female,Operations,Chennai,17.6,91392.96,4,14.4,Active
EMP1230,25,Male,Finance,Pune,18.7,106872.0,4,9.9,Active
EMP1231,58,Female,Operations,Bengaluru,2.2,44903.85,3,16.1,Active
EMP1232,32,Female,IT,Mumbai,20.5,115798.52,3,15.9,Active
EMP1233,59,Female,IT,Chennai,7.3,67930.45,3,35.7,Active
EMP1234,38,Male,IT,Hyderabad,21.4,108337.65,2,16.2,On Leave
EMP1235,22,Male,Sales,Hyderabad,24.7,135057.42,2,19.7,Active
EMP1236,30,Female,HR,Mumbai,24.1,131807.57,4,35.0,Active
EMP1237,35,Male,Operations,Hyderabad,16.6,78638.73,5,24.0,Active
EMP1238,50,Female,Finance,Chennai,15.6,86407.77,3,56.4,Active
EMP1239,37,Male,Operations,Chennai,4.3,46811.52,4,9.0,Inactive
EMP1240,24,Male,IT,Hyderabad,23.3,116833.7,5,33.3,Active
EMP1241,27,Female,Operations,Hyderabad,8.1,66397.72,2,26.6,Active
EMP1242,51,Male,Marketing,Pune,14.9,81323.82,4,4.6,Active
EMP1243,59,Male,Marketing,Bengaluru,8.5,82070.45,4,8.0,Active
EMP1244,54,Female,Marketing,Mumbai,4.0,58524.39,3,29.6,On Leave
EMP1245,26,Female,Marketing,Chennai,18.9,102850.59,3,38.4,Inactive
EMP1246,58,Male,Sales,Mumbai,1.6,50815.89,4,4.9,Active
EMP1247,54,Female,IT,Pune,22.5,130597.2,4,45.6,Active
EMP1248,35,Male,IT,Chennai,9.5,71738.42,2,14.1,Active
EMP1249,34,Female,Operations,Pune,0.0,27470.26,3,49.6,Active
EMP1250,26,Male,Sales,Pune,15.3,91175.14,2,35.3,Active
EMP1251,57,Female,Marketing,Coimbatore,1.4,46793.09,4,28.4,Active
EMP1252,52,Male,Finance,Hyderabad,8.3,70162.48,3,21.7,On Leave
EMP1253,23,Male,IT,Coimbatore,21.2,104584.03,4,25.5,Active
EMP1254,23,Male,IT,Mumbai,1.9,43227.4,3,25.8,Active
EMP1255,42,Female,Sales,Mumbai,25.2,124608.22,2,31.8,Active
EMP1256,42,Male,Finance,Hyderabad,0.1,39744.68,1,22.1,Inactive
EMP1257,30,Female,IT,Coimbatore,7.4,84680.34,3,35.7,Active
EMP1258,23,Female,Finance,Mumbai,22.2,106612.1,3,27.6,Active
EMP1259,32,Male,IT,Coimbatore,9.5,80294.71,3,17.4,Active
EMP1260,49,Male,Sales,Hyderabad,3.1,59762.9,1,27.1,Active
EMP1261,37,Male,IT,Chennai,10.8,98971.6,3,18.4,On Leave
EMP1262,27,Female,Marketing,Pune,8.1,60114.82,3,37.6,Active
EMP1263,33,Male,HR,Pune,25.3,125481.44,3,41.0,Active
EMP1264,22,Male,Finance,Coimbatore,9.4,77458.08,4,61.8,Active
EMP1265,24,Female,IT,Mumbai,23.7,127513.85,4,23.0,Active
EMP1266,30,Female,IT,Coimbatore,26.8,136009.24,5,10.2,Active
EMP1267,59,Male,Finance,Coimbatore,13.0,88987.8,2,34.3,Active
EMP1268,44,Male,Finance,Bengaluru,27.3,115292.03,3,20.4,Active
EMP1269,37,Female,Sales,Pune,11.3,82006.56,3,19.4,On Leave
EMP1270,26,Female,HR,Hyderabad,28.9,135159.42,3,14.4,Active
EMP1271,39,Female,Sales,Coimbatore,2.7,44670.2,4,14.6,Active
EMP1272,25,Female,Operations,Bengaluru,20.6,122474.9,3,32.0,Active
EMP1273,52,Male,Marketing,Bengaluru,14.8,81400.53,3,16.8,Inactive
EMP1274,30,Male,IT,Pune,11.6,80375.39,3,18.1,Active
EMP1275,29,Male,Finance,Pune,19.0,122432.43,5,25.3,Active
EMP1276,47,Male,IT,Pune,21.1,110193.51,5,28.7,Active
EMP1277,33,Female,IT,Hyderabad,0.1,38949.08,3,7.8,Active
EMP1278,39,Male,Operations,Bengaluru,5.0,50323.8,2,15.6,Active
EMP1279,41,Male,IT,Mumbai,21.4,124625.88,4,14.1,On Leave
EMP1280,44,Female,Finance,Hyderabad,20.0,111662.42,5,14.1,On Leave
EMP1281,58,Male,Sales,Chennai,29.0,128159.0,3,21.6,On Leave
EMP1282,24,Male,Sales,Coimbatore,22.8,112542.65,3,20.6,Active
EMP1283,44,Male,Sales,Pune,28.5,131891.16,5,24.7,On Leave
EMP1284,55,Female,IT,Bengaluru,21.1,116232.23,4,22.3,On Leave
EMP1285,23,Female,HR,Coimbatore,8.9,67556.75,3,19.4,On Leave
EMP1286,24,Male,Finance,Hyderabad,3.2,54545.65,3,6.3,Active
EMP1287,57,Male,IT,Chennai,23.5,111041.91,5,13.4,Active
EMP1288,60,Female,HR,Hyderabad,19.3,109061.53,4,58.1,Active
EMP1289,55,Female,IT,Hyderabad,1.4,49920.55,4,44.0,Inactive
EMP1290,51,Female,IT,Mumbai,10.8,91876.26,4,63.3,Active
EMP1291,45,Female,Finance,Coimbatore,28.7,144003.59,2,20.0,Active
EMP1292,60,Female,IT,Mumbai,15.0,104310.58,4,13.0,On Leave
EMP1293,33,Male,Sales,Hyderabad,13.0,86232.36,3,42.5,Active
EMP1294,24,Male,Sales,Chennai,13.7,95719.81,5,30.6,Active
EMP1295,34,Male,Marketing,Bengaluru,6.3,61228.01,3,16.7,On Leave
EMP1296,33,Female,IT,Bengaluru,11.1,81066.68,4,35.3,On Leave
EMP1297,47,Female,IT,Coimbatore,11.1,100029.48,3,19.5,Active
EMP1298,26,Male,IT,Pune,1.6,55712.3,3,16.1,Inactive
EMP1299,37,Male,Sales,Pune,23.0,122089.96,2,19.2,Active
EMP1300,56,Male,Sales,Bengaluru,12.5,70539.56,4,11.0,Active
EMP1301,60,Female,IT,Hyderabad,24.7,119143.54,4,18.8,Active
EMP1302,55,Female,Operations,Hyderabad,25.5,125591.72,4,40.2,Active
EMP1303,37,Female,IT,Mumbai,6.4,66564.17,3,30.1,Active
EMP1304,22,Female,Sales,Coimbatore,19.7,101037.02,1,25.7,Active
EMP1305,33,Female,Sales,Mumbai,14.2,87827.86,5,15.9,On Leave
EMP1306,22,Female,Operations,Pune,26.4,139109.02,4,48.3,Active
EMP1307,48,Female,Sales,Bengaluru,6.5,65313.22,4,35.2,Inactive
EMP1308,46,Male,Marketing,Hyderabad,20.3,96921.93,4,14.9,Active
EMP1309,42,Male,HR,Bengaluru,18.2,95807.93,4,6.8,Active
EMP1310,23,Male,Marketing,Chennai,8.9,59710.27,3,22.7,On Leave
EMP1311,55,Male,IT,Bengaluru,4.1,54248.4,4,30.3,Inactive
EMP1312,32,Female,Operations,Chennai,19.5,98941.07,4,14.4,Active
EMP1313,44,Male,Sales,Mumbai,22.2,110878.84,4,27.7,Active
EMP1314,25,Female,Marketing,Mumbai,9.5,58208.92,4,17.5,Active
EMP1315,40,Male,Finance,Pune,19.3,106528.76,1,12.3,Active
EMP1316,59,Male,Sales,Bengaluru,11.9,74165.14,3,24.6,Inactive
EMP1317,59,Female,Finance,Bengaluru,21.4,91464.41,1,13.6,Active
EMP1318,33,Male,Marketing,Chennai,6.0,72423.78,2,31.0,Active
EMP1319,32,Male,IT,Mumbai,26.7,145160.16,4,35.1,Active
EMP1320,33,Male,IT,Chennai,8.6,70089.59,4,39.2,Active
EMP1321,30,Female,IT,Mumbai,11.0,81650.55,2,13.8,Active
EMP1322,53,Male,IT,Chennai,1.7,39576.77,3,10.1,Active
EMP1323,60,Female,Operations,Mumbai,3.3,59115.78,5,25.3,Active
EMP1324,36,Female,IT,Chennai,15.5,112428.31,4,40.5,Active
EMP1325,55,Female,Operations,Mumbai,8.0,63253.55,3,32.6,Active
EMP1326,23,Female,HR,Coimbatore,25.1,129038.25,4,14.2,Active
EMP1327,25,Male,IT,Chennai,0.4,45802.29,3,15.0,Active
EMP1328,46,Male,Marketing,Bengaluru,11.4,64206.2,2,17.6,On Leave
EMP1329,31,Female,Sales,Pune,10.1,69055.41,2,39.2,Active
EMP1330,27,Male,Finance,Coimbatore,0.6,43155.42,2,26.6,Active
EMP1331,30,Male,Sales,Coimbatore,3.7,46313.62,3,25.6,On Leave
EMP1332,54,Male,Sales,Chennai,12.4,78650.77,5,2.7,Active
EMP1333,23,Female,IT,Pune,14.8,94068.8,4,22.2,Active
EMP1334,28,Male,Operations,Bengaluru,12.1,75702.97,3,41.3,Active
EMP1335,51,Male,Operations,Coimbatore,15.9,90068.07,3,39.1,Active
EMP1336,31,Female,Sales,Bengaluru,17.9,91165.16,3,28.2,Active
EMP1337,27,Female,IT,Mumbai,0.3,38313.87,4,14.4,Active
EMP1338,22,Male,Sales,Pune,13.9,75373.33,4,12.8,Active
EMP1339,26,Male,IT,Hyderabad,28.9,151972.52,3,20.4,Active
EMP1340,52,Female,IT,Mumbai,15.6,80754.82,1,41.2,On Leave
EMP1341,40,Female,IT,Pune,20.3,123278.72,4,8.3,Active
EMP1342,54,Female,Finance,Chennai,9.4,83990.8,3,21.5,Active
EMP1343,36,Male,Operations,Chennai,23.2,112782.56,3,32.4,Inactive
EMP1344,45,Male,Sales,Bengaluru,23.2,97374.9,4,35.9,Active
EMP1345,32,Female,Marketing,Coimbatore,15.6,86709.52,3,39.8,Active
EMP1346,27,Female,Finance,Hyderabad,29.3,142036.53,3,22.2,On Leave
EMP1347,59,Male,HR,Chennai,3.8,38215.21,3,4.6,Active
EMP1348,37,Male,HR,Pune,0.5,30628.25,3,29.8,Active
EMP1349,31,Female,Operations,Coimbatore,23.1,127091.56,5,17.8,Inactive
EMP1350,26,Male,IT,Coimbatore,24.2,133019.42,5,13.4,Active
EMP1351,43,Male,Operations,Pune,3.6,39203.49,5,6.1,Active
EMP1352,47,Male,Sales,Coimbatore,8.0,52219.21,4,18.5,Inactive
EMP1353,26,Male,Finance,Chennai,0.5,39133.86,3,14.1,Inactive
EMP1354,58,Male,Sales,Pune,8.8,66092.35,4,15.2,On Leave
EMP1355,22,Female,Finance,Pune,23.2,125169.59,5,22.6,Active
EMP1356,42,Male,Operations,Bengaluru,15.5,83967.47,3,16.5,Active
